Action.c(265): Error: Add patient reports failed by using NotifyReportFile service, please reference the service is works well or not. The accn is   A20170801130721239,reliability_addpaperreport,Action,265,2017/8/1 13:07:26,5,Reliability_AddPaperReport:45,localhost,
Action.c(265): Error: Add patient reports failed by using NotifyReportFile service, please reference the service is works well or not. The accn is   A20170801132032595,reliability_addpaperreport,Action,265,2017/8/1 13:20:37,15,Reliability_AddPaperReport:28,localhost,
Action.c(265): Error: Add patient reports failed by using NotifyReportFile service, please reference the service is works well or not. The accn is   A20170801132053532,reliability_addpaperreport,Action,265,2017/8/1 13:20:59,17,Reliability_AddPaperReport:2,localhost,
Action.c(265): Error: Add patient reports failed by using NotifyReportFile service, please reference the service is works well or not. The accn is   A20170801132142176,reliability_addpaperreport,Action,265,2017/8/1 13:21:47,17,Reliability_AddPaperReport:1,localhost,
Action.c(265): Error: Add patient reports failed by using NotifyReportFile service, please reference the service is works well or not. The accn is   A20170801132152051,reliability_addpaperreport,Action,265,2017/8/1 13:21:57,15,Reliability_AddPaperReport:43,localhost,
Action.c(265): Error: Add patient reports failed by using NotifyReportFile service, please reference the service is works well or not. The accn is   A20170801132205935,reliability_addpaperreport,Action,265,2017/8/1 13:22:11,16,Reliability_AddPaperReport:40,localhost,
Action.c(265): Error: Add patient reports failed by using NotifyReportFile service, please reference the service is works well or not. The accn is   A20170801132232893,reliability_addpaperreport,Action,265,2017/8/1 13:22:38,18,Reliability_AddPaperReport:9,localhost,
Action.c(265): Error: Add patient reports failed by using NotifyReportFile service, please reference the service is works well or not. The accn is   A20170801132233143,reliability_addpaperreport,Action,265,2017/8/1 13:22:38,17,Reliability_AddPaperReport:39,localhost,
Action.c(265): Error: Add patient reports failed by using NotifyReportFile service, please reference the service is works well or not. The accn is   A20170801133005613,reliability_addpaperreport,Action,265,2017/8/1 13:30:11,22,Reliability_AddPaperReport:20,localhost,
Action.c(265): Error: Add patient reports failed by using NotifyReportFile service, please reference the service is works well or not. The accn is   A20170801134338541,reliability_addpaperreport,Action,265,2017/8/1 13:43:44,31,Reliability_AddPaperReport:39,localhost,
Action.c(265): Error: Add patient reports failed by using NotifyReportFile service, please reference the service is works well or not. The accn is   A20170801134635771,reliability_addpaperreport,Action,265,2017/8/1 13:46:41,34,Reliability_AddPaperReport:1,localhost,
Action.c(265): Error: Add patient reports failed by using NotifyReportFile service, please reference the service is works well or not. The accn is   A20170801134902442,reliability_addpaperreport,Action,265,2017/8/1 13:49:08,35,Reliability_AddPaperReport:41,localhost,
Action.c(265): Error: Add patient reports failed by using NotifyReportFile service, please reference the service is works well or not. The accn is   A20170801135008757,reliability_addpaperreport,Action,265,2017/8/1 13:50:14,36,Reliability_AddPaperReport:40,localhost,
Action.c(265): Error: Add patient reports failed by using NotifyReportFile service, please reference the service is works well or not. The accn is   A20170801135008742,reliability_addpaperreport,Action,265,2017/8/1 13:50:14,38,Reliability_AddPaperReport:2,localhost,
Action.c(265): Error: Add patient reports failed by using NotifyReportFile service, please reference the service is works well or not. The accn is   A20170801135008617,reliability_addpaperreport,Action,265,2017/8/1 13:50:14,36,Reliability_AddPaperReport:21,localhost,
Action.c(265): Error: Add patient reports failed by using NotifyReportFile service, please reference the service is works well or not. The accn is   A20170801135250706,reliability_addpaperreport,Action,265,2017/8/1 13:52:56,40,Reliability_AddPaperReport:2,localhost,
Action.c(265): Error: Add patient reports failed by using NotifyReportFile service, please reference the service is works well or not. The accn is   A20170801135424679,reliability_addpaperreport,Action,265,2017/8/1 13:54:30,38,Reliability_AddPaperReport:32,localhost,
Action.c(265): Error: Add patient reports failed by using NotifyReportFile service, please reference the service is works well or not. The accn is   A20170801135832589,reliability_addpaperreport,Action,265,2017/8/1 13:58:38,42,Reliability_AddPaperReport:18,localhost,
Action.c(265): Error: Add patient reports failed by using NotifyReportFile service, please reference the service is works well or not. The accn is   A20170801140054787,reliability_addpaperreport,Action,265,2017/8/1 14:01:00,42,Reliability_AddPaperReport:43,localhost,
Action.c(265): Error: Add patient reports failed by using NotifyReportFile service, please reference the service is works well or not. The accn is   A20170801140338226,reliability_addpaperreport,Action,265,2017/8/1 14:03:43,44,Reliability_AddPaperReport:43,localhost,
Action.c(265): Error: Add patient reports failed by using NotifyReportFile service, please reference the service is works well or not. The accn is   A20170801140540997,reliability_addpaperreport,Action,265,2017/8/1 14:05:46,48,Reliability_AddPaperReport:17,localhost,
Action.c(265): Error: Add patient reports failed by using NotifyReportFile service, please reference the service is works well or not. The accn is   A20170801140621962,reliability_addpaperreport,Action,265,2017/8/1 14:06:27,47,Reliability_AddPaperReport:41,localhost,
Action.c(265): Error: Add patient reports failed by using NotifyReportFile service, please reference the service is works well or not. The accn is   A20170801140649308,reliability_addpaperreport,Action,265,2017/8/1 14:06:54,48,Reliability_AddPaperReport:21,localhost,
Action.c(265): Error: Add patient reports failed by using NotifyReportFile service, please reference the service is works well or not. The accn is   A20170801140759117,reliability_addpaperreport,Action,265,2017/8/1 14:08:04,47,Reliability_AddPaperReport:43,localhost,
Action.c(265): Error: Add patient reports failed by using NotifyReportFile service, please reference the service is works well or not. The accn is   A20170801140935790,reliability_addpaperreport,Action,265,2017/8/1 14:09:41,50,Reliability_AddPaperReport:10,localhost,
Action.c(265): Error: Add patient reports failed by using NotifyReportFile service, please reference the service is works well or not. The accn is   A20170801141057626,reliability_addpaperreport,Action,265,2017/8/1 14:11:03,50,Reliability_AddPaperReport:32,localhost,
Action.c(265): Error: Add patient reports failed by using NotifyReportFile service, please reference the service is works well or not. The accn is   A20170801141731321,reliability_addpaperreport,Action,265,2017/8/1 14:17:37,56,Reliability_AddPaperReport:19,localhost,
Action.c(265): Error: Add patient reports failed by using NotifyReportFile service, please reference the service is works well or not. The accn is   A20170801141819587,reliability_addpaperreport,Action,265,2017/8/1 14:18:25,56,Reliability_AddPaperReport:42,localhost,
Action.c(265): Error: Add patient reports failed by using NotifyReportFile service, please reference the service is works well or not. The accn is   A20170801141957242,reliability_addpaperreport,Action,265,2017/8/1 14:20:02,57,Reliability_AddPaperReport:42,localhost,
Action.c(265): Error: Add patient reports failed by using NotifyReportFile service, please reference the service is works well or not. The accn is   A20170801142444279,reliability_addpaperreport,Action,265,2017/8/1 14:24:49,59,Reliability_AddPaperReport:29,localhost,
Action.c(265): Error: Add patient reports failed by using NotifyReportFile service, please reference the service is works well or not. The accn is   A20170801142924799,reliability_addpaperreport,Action,265,2017/8/1 14:29:30,63,Reliability_AddPaperReport:18,localhost,
Action.c(265): Error: Add patient reports failed by using NotifyReportFile service, please reference the service is works well or not. The accn is   A20170801143259678,reliability_addpaperreport,Action,265,2017/8/1 14:33:07,65,Reliability_AddPaperReport:29,localhost,
Action.c(265): Error: Add patient reports failed by using NotifyReportFile service, please reference the service is works well or not. The accn is   A20170801143443775,reliability_addpaperreport,Action,265,2017/8/1 14:34:49,66,Reliability_AddPaperReport:31,localhost,
Action.c(265): Error: Add patient reports failed by using NotifyReportFile service, please reference the service is works well or not. The accn is   A20170801143524491,reliability_addpaperreport,Action,265,2017/8/1 14:35:30,67,Reliability_AddPaperReport:32,localhost,
Action.c(265): Error: Add patient reports failed by using NotifyReportFile service, please reference the service is works well or not. The accn is   A20170801143728338,reliability_addpaperreport,Action,265,2017/8/1 14:37:34,68,Reliability_AddPaperReport:29,localhost,
Action.c(265): Error: Add patient reports failed by using NotifyReportFile service, please reference the service is works well or not. The accn is   A20170801143951685,reliability_addpaperreport,Action,265,2017/8/1 14:39:57,70,Reliability_AddPaperReport:32,localhost,
Action.c(265): Error: Add patient reports failed by using NotifyReportFile service, please reference the service is works well or not. The accn is   A20170801144008252,reliability_addpaperreport,Action,265,2017/8/1 14:40:13,71,Reliability_AddPaperReport:28,localhost,
Action.c(265): Error: Add patient reports failed by using NotifyReportFile service, please reference the service is works well or not. The accn is   A20170801144121399,reliability_addpaperreport,Action,265,2017/8/1 14:41:27,72,Reliability_AddPaperReport:28,localhost,
Action.c(265): Error: Add patient reports failed by using NotifyReportFile service, please reference the service is works well or not. The accn is   A20170801144344574,reliability_addpaperreport,Action,265,2017/8/1 14:43:50,74,Reliability_AddPaperReport:17,localhost,
Action.c(265): Error: Add patient reports failed by using NotifyReportFile service, please reference the service is works well or not. The accn is   A20170801144455382,reliability_addpaperreport,Action,265,2017/8/1 14:45:00,75,Reliability_AddPaperReport:30,localhost,
Action.c(265): Error: Add patient reports failed by using NotifyReportFile service, please reference the service is works well or not. The accn is   A20170801144549748,reliability_addpaperreport,Action,265,2017/8/1 14:45:55,74,Reliability_AddPaperReport:20,localhost,
Action.c(265): Error: Add patient reports failed by using NotifyReportFile service, please reference the service is works well or not. The accn is   A20170801144751723,reliability_addpaperreport,Action,265,2017/8/1 14:47:57,77,Reliability_AddPaperReport:30,localhost,
Action.c(265): Error: Add patient reports failed by using NotifyReportFile service, please reference the service is works well or not. The accn is   A20170801145024304,reliability_addpaperreport,Action,265,2017/8/1 14:50:29,80,Reliability_AddPaperReport:2,localhost,
Action.c(265): Error: Add patient reports failed by using NotifyReportFile service, please reference the service is works well or not. The accn is   A20170801145054459,reliability_addpaperreport,Action,265,2017/8/1 14:50:59,79,Reliability_AddPaperReport:1,localhost,
Action.c(265): Error: Add patient reports failed by using NotifyReportFile service, please reference the service is works well or not. The accn is   A20170801145351236,reliability_addpaperreport,Action,265,2017/8/1 14:53:56,81,Reliability_AddPaperReport:10,localhost,
Action.c(265): Error: Add patient reports failed by using NotifyReportFile service, please reference the service is works well or not. The accn is   A20170801145638466,reliability_addpaperreport,Action,265,2017/8/1 14:56:44,83,Reliability_AddPaperReport:17,localhost,
Action.c(265): Error: Add patient reports failed by using NotifyReportFile service, please reference the service is works well or not. The accn is   A20170801150131727,reliability_addpaperreport,Action,265,2017/8/1 15:01:37,85,Reliability_AddPaperReport:39,localhost,
Action.c(265): Error: Add patient reports failed by using NotifyReportFile service, please reference the service is works well or not. The accn is   A20170801150246919,reliability_addpaperreport,Action,265,2017/8/1 15:02:52,86,Reliability_AddPaperReport:39,localhost,
Action.c(265): Error: Add patient reports failed by using NotifyReportFile service, please reference the service is works well or not. The accn is   A20170801150337230,reliability_addpaperreport,Action,265,2017/8/1 15:03:43,86,Reliability_AddPaperReport:32,localhost,
Action.c(265): Error: Add patient reports failed by using NotifyReportFile service, please reference the service is works well or not. The accn is   A20170801150459160,reliability_addpaperreport,Action,265,2017/8/1 15:05:05,89,Reliability_AddPaperReport:10,localhost,
Action.c(265): Error: Add patient reports failed by using NotifyReportFile service, please reference the service is works well or not. The accn is   A20170801150724784,reliability_addpaperreport,Action,265,2017/8/1 15:07:30,91,Reliability_AddPaperReport:17,localhost,
Action.c(180): Error: Add patient reports failed by using NotifyReportFile service, please reference the service is works well or not. The accn is   A20170801150724176,reliability_addpaperreport,Action,180,2017/8/1 15:07:30,89,Reliability_AddPaperReport:39,localhost,
Action.c(265): Error: Add patient reports failed by using NotifyReportFile service, please reference the service is works well or not. The accn is   A20170801151035487,reliability_addpaperreport,Action,265,2017/8/1 15:10:41,92,Reliability_AddPaperReport:19,localhost,
Action.c(265): Error: Add patient reports failed by using NotifyReportFile service, please reference the service is works well or not. The accn is   A20170801151657152,reliability_addpaperreport,Action,265,2017/8/1 15:17:02,97,Reliability_AddPaperReport:30,localhost,
Action.c(265): Error: Add patient reports failed by using NotifyReportFile service, please reference the service is works well or not. The accn is   A20170801153549294,reliability_addpaperreport,Action,265,2017/8/1 15:35:54,109,Reliability_AddPaperReport:18,localhost,
Action.c(265): Error: Add patient reports failed by using NotifyReportFile service, please reference the service is works well or not. The accn is   A20170801160621026,reliability_addpaperreport,Action,265,2017/8/1 16:06:26,133,Reliability_AddPaperReport:2,localhost,
Action.c(265): Error: Add patient reports failed by using NotifyReportFile service, please reference the service is works well or not. The accn is   A20170801160852796,reliability_addpaperreport,Action,265,2017/8/1 16:08:58,132,Reliability_AddPaperReport:20,localhost,
Action.c(265): Error: Add patient reports failed by using NotifyReportFile service, please reference the service is works well or not. The accn is   A20170801162417554,reliability_addpaperreport,Action,265,2017/8/1 16:24:23,146,Reliability_AddPaperReport:2,localhost,
Action.c(265): Error: Add patient reports failed by using NotifyReportFile service, please reference the service is works well or not. The accn is   A20170801163220618,reliability_addpaperreport,Action,265,2017/8/1 16:32:26,148,Reliability_AddPaperReport:21,localhost,
Action.c(265): Error: Add patient reports failed by using NotifyReportFile service, please reference the service is works well or not. The accn is   A20170801163331566,reliability_addpaperreport,Action,265,2017/8/1 16:33:37,150,Reliability_AddPaperReport:17,localhost,
Action.c(265): Error: Add patient reports failed by using NotifyReportFile service, please reference the service is works well or not. The accn is   A20170801163442873,reliability_addpaperreport,Action,265,2017/8/1 16:34:48,151,Reliability_AddPaperReport:30,localhost,
Action.c(265): Error: Add patient reports failed by using NotifyReportFile service, please reference the service is works well or not. The accn is   A20170801163725392,reliability_addpaperreport,Action,265,2017/8/1 16:37:31,151,Reliability_AddPaperReport:32,localhost,
Action.c(265): Error: Add patient reports failed by using NotifyReportFile service, please reference the service is works well or not. The accn is   A20170801164933608,reliability_addpaperreport,Action,265,2017/8/1 16:49:39,160,Reliability_AddPaperReport:29,localhost,
Action.c(265): Error: Add patient reports failed by using NotifyReportFile service, please reference the service is works well or not. The accn is   A20170801164933748,reliability_addpaperreport,Action,265,2017/8/1 16:49:39,163,Reliability_AddPaperReport:10,localhost,
Action.c(265): Error: Add patient reports failed by using NotifyReportFile service, please reference the service is works well or not. The accn is   A20170801165248762,reliability_addpaperreport,Action,265,2017/8/1 16:52:54,163,Reliability_AddPaperReport:28,localhost,
Action.c(265): Error: Add patient reports failed by using NotifyReportFile service, please reference the service is works well or not. The accn is   A20170801165352222,reliability_addpaperreport,Action,265,2017/8/1 16:53:57,162,Reliability_AddPaperReport:40,localhost,
Action.c(265): Error: Add patient reports failed by using NotifyReportFile service, please reference the service is works well or not. The accn is   A20170801165746625,reliability_addpaperreport,Action,265,2017/8/1 16:57:52,168,Reliability_AddPaperReport:9,localhost,
Action.c(265): Error: Add patient reports failed by using NotifyReportFile service, please reference the service is works well or not. The accn is   A20170801170102839,reliability_addpaperreport,Action,265,2017/8/1 17:01:08,167,Reliability_AddPaperReport:40,localhost,
Action.c(265): Error: Add patient reports failed by using NotifyReportFile service, please reference the service is works well or not. The accn is   A20170801171055524,reliability_addpaperreport,Action,265,2017/8/1 17:11:01,176,Reliability_AddPaperReport:28,localhost,
Action.c(265): Error: Add patient reports failed by using NotifyReportFile service, please reference the service is works well or not. The accn is   A20170801171412454,reliability_addpaperreport,Action,265,2017/8/1 17:14:17,175,Reliability_AddPaperReport:39,localhost,
Action.c(265): Error: Add patient reports failed by using NotifyReportFile service, please reference the service is works well or not. The accn is   A20170801171809964,reliability_addpaperreport,Action,265,2017/8/1 17:18:15,178,Reliability_AddPaperReport:31,localhost,
Action.c(265): Error: Add patient reports failed by using NotifyReportFile service, please reference the service is works well or not. The accn is   A20170801173838591,reliability_addpaperreport,Action,265,2017/8/1 17:38:43,196,Reliability_AddPaperReport:41,localhost,
Action.c(265): Error: Add patient reports failed by using NotifyReportFile service, please reference the service is works well or not. The accn is   A20170801175008861,reliability_addpaperreport,Action,265,2017/8/1 17:50:14,203,Reliability_AddPaperReport:28,localhost,
Action.c(265): Error: Add patient reports failed by using NotifyReportFile service, please reference the service is works well or not. The accn is   A20170801175119966,reliability_addpaperreport,Action,265,2017/8/1 17:51:25,202,Reliability_AddPaperReport:40,localhost,
Action.c(265): Error: Add patient reports failed by using NotifyReportFile service, please reference the service is works well or not. The accn is   A20170801180919082,reliability_addpaperreport,Action,265,2017/8/1 18:09:24,218,Reliability_AddPaperReport:9,localhost,
Action.c(265): Error: Add patient reports failed by using NotifyReportFile service, please reference the service is works well or not. The accn is   A20170801180944307,reliability_addpaperreport,Action,265,2017/8/1 18:09:49,217,Reliability_AddPaperReport:17,localhost,
Action.c(265): Error: Add patient reports failed by using NotifyReportFile service, please reference the service is works well or not. The accn is   A20170801182631055,reliability_addpaperreport,Action,265,2017/8/1 18:26:36,229,Reliability_AddPaperReport:29,localhost,
Action.c(265): Error: Add patient reports failed by using NotifyReportFile service, please reference the service is works well or not. The accn is   A20170801182955478,reliability_addpaperreport,Action,265,2017/8/1 18:30:01,227,Reliability_AddPaperReport:31,localhost,
Action.c(265): Error: Add patient reports failed by using NotifyReportFile service, please reference the service is works well or not. The accn is   A20170801185128861,reliability_addpaperreport,Action,265,2017/8/1 18:51:34,248,Reliability_AddPaperReport:1,localhost,
Action.c(265): Error: Add patient reports failed by using NotifyReportFile service, please reference the service is works well or not. The accn is   A20170801190201052,reliability_addpaperreport,Action,265,2017/8/1 19:02:06,254,Reliability_AddPaperReport:20,localhost,
Action.c(265): Error: Add patient reports failed by using NotifyReportFile service, please reference the service is works well or not. The accn is   A20170801190439252,reliability_addpaperreport,Action,265,2017/8/1 19:04:44,255,Reliability_AddPaperReport:41,localhost,
Action.c(265): Error: Add patient reports failed by using NotifyReportFile service, please reference the service is works well or not. The accn is   A20170801191023232,reliability_addpaperreport,Action,265,2017/8/1 19:10:28,256,Reliability_AddPaperReport:39,localhost,
Action.c(265): Error: Add patient reports failed by using NotifyReportFile service, please reference the service is works well or not. The accn is   A20170801191038208,reliability_addpaperreport,Action,265,2017/8/1 19:10:43,261,Reliability_AddPaperReport:10,localhost,
Action.c(265): Error: Add patient reports failed by using NotifyReportFile service, please reference the service is works well or not. The accn is   A20170801191903633,reliability_addpaperreport,Action,265,2017/8/1 19:19:08,262,Reliability_AddPaperReport:40,localhost,
Action.c(265): Error: Add patient reports failed by using NotifyReportFile service, please reference the service is works well or not. The accn is   A20170801192445680,reliability_addpaperreport,Action,265,2017/8/1 19:24:51,270,Reliability_AddPaperReport:18,localhost,
Action.c(265): Error: Add patient reports failed by using NotifyReportFile service, please reference the service is works well or not. The accn is   A20170801193533502,reliability_addpaperreport,Action,265,2017/8/1 19:35:38,275,Reliability_AddPaperReport:43,localhost,
Action.c(180): Error: Add patient reports failed by using NotifyReportFile service, please reference the service is works well or not. The accn is   A20170801194048061,reliability_addpaperreport,Action,180,2017/8/1 19:40:53,281,Reliability_AddPaperReport:21,localhost,
Action.c(265): Error: Add patient reports failed by using NotifyReportFile service, please reference the service is works well or not. The accn is   A20170801195719958,reliability_addpaperreport,Action,265,2017/8/1 19:57:25,289,Reliability_AddPaperReport:40,localhost,
Action.c(265): Error: Add patient reports failed by using NotifyReportFile service, please reference the service is works well or not. The accn is   A20170801200327432,reliability_addpaperreport,Action,265,2017/8/1 20:03:32,293,Reliability_AddPaperReport:31,localhost,
Action.c(265): Error: Add patient reports failed by using NotifyReportFile service, please reference the service is works well or not. The accn is   A20170801200327011,reliability_addpaperreport,Action,265,2017/8/1 20:03:32,299,Reliability_AddPaperReport:30,localhost,
Action.c(265): Error: Add patient reports failed by using NotifyReportFile service, please reference the service is works well or not. The accn is   A20170801202938214,reliability_addpaperreport,Action,265,2017/8/1 20:29:43,318,Reliability_AddPaperReport:9,localhost,
Action.c(265): Error: Add patient reports failed by using NotifyReportFile service, please reference the service is works well or not. The accn is   A20170801202939057,reliability_addpaperreport,Action,265,2017/8/1 20:29:44,312,Reliability_AddPaperReport:39,localhost,
Action.c(265): Error: Add patient reports failed by using NotifyReportFile service, please reference the service is works well or not. The accn is   A20170801204455558,reliability_addpaperreport,Action,265,2017/8/1 20:45:01,328,Reliability_AddPaperReport:30,localhost,
Action.c(265): Error: Add patient reports failed by using NotifyReportFile service, please reference the service is works well or not. The accn is   A20170801212204818,reliability_addpaperreport,Action,265,2017/8/1 21:22:10,350,Reliability_AddPaperReport:20,localhost,
Action.c(265): Error: Add patient reports failed by using NotifyReportFile service, please reference the service is works well or not. The accn is   A20170801212335189,reliability_addpaperreport,Action,265,2017/8/1 21:23:40,352,Reliability_AddPaperReport:18,localhost,
Action.c(265): Error: Add patient reports failed by using NotifyReportFile service, please reference the service is works well or not. The accn is   A20170801212942710,reliability_addpaperreport,Action,265,2017/8/1 21:29:47,356,Reliability_AddPaperReport:18,localhost,
Action.c(265): Error: Add patient reports failed by using NotifyReportFile service, please reference the service is works well or not. The accn is   A20170801214244068,reliability_addpaperreport,Action,265,2017/8/1 21:42:49,369,Reliability_AddPaperReport:2,localhost,
Action.c(265): Error: Add patient reports failed by using NotifyReportFile service, please reference the service is works well or not. The accn is   A20170801215421592,reliability_addpaperreport,Action,265,2017/8/1 21:54:26,374,Reliability_AddPaperReport:19,localhost,
Action.c(265): Error: Add patient reports failed by using NotifyReportFile service, please reference the service is works well or not. The accn is   A20170801215532744,reliability_addpaperreport,Action,265,2017/8/1 21:55:38,377,Reliability_AddPaperReport:9,localhost,
Action.c(265): Error: Add patient reports failed by using NotifyReportFile service, please reference the service is works well or not. The accn is   A20170801221104549,reliability_addpaperreport,Action,265,2017/8/1 22:11:10,389,Reliability_AddPaperReport:30,localhost,
Action.c(265): Error: Add patient reports failed by using NotifyReportFile service, please reference the service is works well or not. The accn is   A20170801222434019,reliability_addpaperreport,Action,265,2017/8/1 22:24:39,394,Reliability_AddPaperReport:21,localhost,
Action.c(265): Error: Add patient reports failed by using NotifyReportFile service, please reference the service is works well or not. The accn is   A20170801223612744,reliability_addpaperreport,Action,265,2017/8/1 22:36:18,401,Reliability_AddPaperReport:39,localhost,
Action.c(265): Error: Add patient reports failed by using NotifyReportFile service, please reference the service is works well or not. The accn is   A20170801223743100,reliability_addpaperreport,Action,265,2017/8/1 22:37:48,403,Reliability_AddPaperReport:42,localhost,
Action.c(265): Error: Add patient reports failed by using NotifyReportFile service, please reference the service is works well or not. The accn is   A20170801223751726,reliability_addpaperreport,Action,265,2017/8/1 22:37:57,405,Reliability_AddPaperReport:28,localhost,
Action.c(265): Error: Add patient reports failed by using NotifyReportFile service, please reference the service is works well or not. The accn is   A20170801224100206,reliability_addpaperreport,Action,265,2017/8/1 22:41:05,404,Reliability_AddPaperReport:32,localhost,
Action.c(265): Error: Add patient reports failed by using NotifyReportFile service, please reference the service is works well or not. The accn is   A20170801224837817,reliability_addpaperreport,Action,265,2017/8/1 22:48:43,407,Reliability_AddPaperReport:31,localhost,
Action.c(265): Error: Add patient reports failed by using NotifyReportFile service, please reference the service is works well or not. The accn is   A20170801224921996,reliability_addpaperreport,Action,265,2017/8/1 22:49:27,410,Reliability_AddPaperReport:40,localhost,
Action.c(265): Error: Add patient reports failed by using NotifyReportFile service, please reference the service is works well or not. The accn is   A20170801225146156,reliability_addpaperreport,Action,265,2017/8/1 22:51:51,416,Reliability_AddPaperReport:10,localhost,
Action.c(265): Error: Add patient reports failed by using NotifyReportFile service, please reference the service is works well or not. The accn is   A20170801230120955,reliability_addpaperreport,Action,265,2017/8/1 23:01:26,421,Reliability_AddPaperReport:28,localhost,
Action.c(265): Error: Add patient reports failed by using NotifyReportFile service, please reference the service is works well or not. The accn is   A20170801230137663,reliability_addpaperreport,Action,265,2017/8/1 23:01:43,418,Reliability_AddPaperReport:39,localhost,
Action.c(265): Error: Add patient reports failed by using NotifyReportFile service, please reference the service is works well or not. The accn is   A20170801230626263,reliability_addpaperreport,Action,265,2017/8/1 23:06:31,423,Reliability_AddPaperReport:20,localhost,
Action.c(265): Error: Add patient reports failed by using NotifyReportFile service, please reference the service is works well or not. The accn is   A20170801231055317,reliability_addpaperreport,Action,265,2017/8/1 23:11:01,431,Reliability_AddPaperReport:30,localhost,
Action.c(265): Error: Add patient reports failed by using NotifyReportFile service, please reference the service is works well or not. The accn is   A20170801231432703,reliability_addpaperreport,Action,265,2017/8/1 23:14:38,429,Reliability_AddPaperReport:43,localhost,
Action.c(265): Error: Add patient reports failed by using NotifyReportFile service, please reference the service is works well or not. The accn is   A20170801232031722,reliability_addpaperreport,Action,265,2017/8/1 23:20:37,429,Reliability_AddPaperReport:31,localhost,
Action.c(265): Error: Add patient reports failed by using NotifyReportFile service, please reference the service is works well or not. The accn is   A20170801233715412,reliability_addpaperreport,Action,265,2017/8/1 23:37:21,442,Reliability_AddPaperReport:39,localhost,
Action.c(265): Error: Add patient reports failed by using NotifyReportFile service, please reference the service is works well or not. The accn is   A20170801233827703,reliability_addpaperreport,Action,265,2017/8/1 23:38:33,445,Reliability_AddPaperReport:32,localhost,
Action.c(265): Error: Add patient reports failed by using NotifyReportFile service, please reference the service is works well or not. The accn is   A20170801234557046,reliability_addpaperreport,Action,265,2017/8/1 23:46:02,450,Reliability_AddPaperReport:40,localhost,
Action.c(265): Error: Add patient reports failed by using NotifyReportFile service, please reference the service is works well or not. The accn is   A20170801234708385,reliability_addpaperreport,Action,265,2017/8/1 23:47:13,452,Reliability_AddPaperReport:43,localhost,
Action.c(265): Error: Add patient reports failed by using NotifyReportFile service, please reference the service is works well or not. The accn is   A20170801235025148,reliability_addpaperreport,Action,265,2017/8/1 23:50:30,456,Reliability_AddPaperReport:9,localhost,
Action.c(265): Error: Add patient reports failed by using NotifyReportFile service, please reference the service is works well or not. The accn is   A20170801235053431,reliability_addpaperreport,Action,265,2017/8/1 23:50:58,456,Reliability_AddPaperReport:28,localhost,
Action.c(265): Error: Add patient reports failed by using NotifyReportFile service, please reference the service is works well or not. The accn is   A20170802000616843,reliability_addpaperreport,Action,265,2017/8/2 0:06:22,464,Reliability_AddPaperReport:21,localhost,
Action.c(265): Error: Add patient reports failed by using NotifyReportFile service, please reference the service is works well or not. The accn is   A20170802001438431,reliability_addpaperreport,Action,265,2017/8/2 0:14:44,473,Reliability_AddPaperReport:28,localhost,
Action.c(265): Error: Add patient reports failed by using NotifyReportFile service, please reference the service is works well or not. The accn is   A20170802002359190,reliability_addpaperreport,Action,265,2017/8/2 0:24:04,478,Reliability_AddPaperReport:41,localhost,
Action.c(265): Error: Add patient reports failed by using NotifyReportFile service, please reference the service is works well or not. The accn is   A20170802004305511,reliability_addpaperreport,Action,265,2017/8/2 0:43:10,492,Reliability_AddPaperReport:9,localhost,
Action.c(265): Error: Add patient reports failed by using NotifyReportFile service, please reference the service is works well or not. The accn is   A20170802004644348,reliability_addpaperreport,Action,265,2017/8/2 0:46:49,492,Reliability_AddPaperReport:19,localhost,
Action.c(265): Error: Add patient reports failed by using NotifyReportFile service, please reference the service is works well or not. The accn is   A20170802005428683,reliability_addpaperreport,Action,265,2017/8/2 0:54:33,501,Reliability_AddPaperReport:29,localhost,
Action.c(265): Error: Add patient reports failed by using NotifyReportFile service, please reference the service is works well or not. The accn is   A20170802011312602,reliability_addpaperreport,Action,265,2017/8/2 1:13:18,511,Reliability_AddPaperReport:32,localhost,
Action.c(265): Error: Add patient reports failed by using NotifyReportFile service, please reference the service is works well or not. The accn is   A20170802011313835,reliability_addpaperreport,Action,265,2017/8/2 1:13:19,513,Reliability_AddPaperReport:28,localhost,
Action.c(265): Error: Add patient reports failed by using NotifyReportFile service, please reference the service is works well or not. The accn is   A20170802012405651,reliability_addpaperreport,Action,265,2017/8/2 1:24:10,522,Reliability_AddPaperReport:10,localhost,
Action.c(265): Error: Add patient reports failed by using NotifyReportFile service, please reference the service is works well or not. The accn is   A20170802013505844,reliability_addpaperreport,Action,265,2017/8/2 1:35:11,526,Reliability_AddPaperReport:41,localhost,
Action.c(265): Error: Add patient reports failed by using NotifyReportFile service, please reference the service is works well or not. The accn is   A20170802013617557,reliability_addpaperreport,Action,265,2017/8/2 1:36:22,530,Reliability_AddPaperReport:9,localhost,
Action.c(265): Error: Add patient reports failed by using NotifyReportFile service, please reference the service is works well or not. The accn is   A20170802015249407,reliability_addpaperreport,Action,265,2017/8/2 1:52:54,542,Reliability_AddPaperReport:10,localhost,
Action.c(265): Error: Add patient reports failed by using NotifyReportFile service, please reference the service is works well or not. The accn is   A20170802020726721,reliability_addpaperreport,Action,265,2017/8/2 2:07:32,550,Reliability_AddPaperReport:40,localhost,
Action.c(265): Error: Add patient reports failed by using NotifyReportFile service, please reference the service is works well or not. The accn is   A20170802021046620,reliability_addpaperreport,Action,265,2017/8/2 2:10:52,554,Reliability_AddPaperReport:18,localhost,
Action.c(265): Error: Add patient reports failed by using NotifyReportFile service, please reference the service is works well or not. The accn is   A20170802022259431,reliability_addpaperreport,Action,265,2017/8/2 2:23:04,556,Reliability_AddPaperReport:45,localhost,
Action.c(265): Error: Add patient reports failed by using NotifyReportFile service, please reference the service is works well or not. The accn is   A20170802022523638,reliability_addpaperreport,Action,265,2017/8/2 2:25:28,563,Reliability_AddPaperReport:28,localhost,
Action.c(265): Error: Add patient reports failed by using NotifyReportFile service, please reference the service is works well or not. The accn is   A20170802024040093,reliability_addpaperreport,Action,265,2017/8/2 2:40:45,578,Reliability_AddPaperReport:30,localhost,
Action.c(265): Error: Add patient reports failed by using NotifyReportFile service, please reference the service is works well or not. The accn is   A20170802024217437,reliability_addpaperreport,Action,265,2017/8/2 2:42:23,577,Reliability_AddPaperReport:29,localhost,
Action.c(265): Error: Add patient reports failed by using NotifyReportFile service, please reference the service is works well or not. The accn is   A20170802024640219,reliability_addpaperreport,Action,265,2017/8/2 2:46:45,577,Reliability_AddPaperReport:42,localhost,
Action.c(265): Error: Add patient reports failed by using NotifyReportFile service, please reference the service is works well or not. The accn is   A20170802024640531,reliability_addpaperreport,Action,265,2017/8/2 2:46:46,580,Reliability_AddPaperReport:10,localhost,
Action.c(265): Error: Add patient reports failed by using NotifyReportFile service, please reference the service is works well or not. The accn is   A20170802030437448,reliability_addpaperreport,Action,265,2017/8/2 3:04:42,592,Reliability_AddPaperReport:1,localhost,
Action.c(265): Error: Add patient reports failed by using NotifyReportFile service, please reference the service is works well or not. The accn is   A20170802031415601,reliability_addpaperreport,Action,265,2017/8/2 3:14:21,596,Reliability_AddPaperReport:43,localhost,
Action.c(265): Error: Add patient reports failed by using NotifyReportFile service, please reference the service is works well or not. The accn is   A20170802032614934,reliability_addpaperreport,Action,265,2017/8/2 3:26:20,605,Reliability_AddPaperReport:20,localhost,
Action.c(265): Error: Add patient reports failed by using NotifyReportFile service, please reference the service is works well or not. The accn is   A20170802033724440,reliability_addpaperreport,Action,265,2017/8/2 3:37:29,613,Reliability_AddPaperReport:20,localhost,
Action.c(265): Error: Add patient reports failed by using NotifyReportFile service, please reference the service is works well or not. The accn is   A20170802035608406,reliability_addpaperreport,Action,265,2017/8/2 3:56:13,620,Reliability_AddPaperReport:39,localhost,
Action.c(265): Error: Add patient reports failed by using NotifyReportFile service, please reference the service is works well or not. The accn is   A20170802040806398,reliability_addpaperreport,Action,265,2017/8/2 4:08:11,632,Reliability_AddPaperReport:41,localhost,
Action.c(265): Error: Add patient reports failed by using NotifyReportFile service, please reference the service is works well or not. The accn is   A20170802042227457,reliability_addpaperreport,Action,265,2017/8/2 4:22:33,645,Reliability_AddPaperReport:42,localhost,
Action.c(265): Error: Add patient reports failed by using NotifyReportFile service, please reference the service is works well or not. The accn is   A20170802042451819,reliability_addpaperreport,Action,265,2017/8/2 4:24:57,644,Reliability_AddPaperReport:32,localhost,
Action.c(265): Error: Add patient reports failed by using NotifyReportFile service, please reference the service is works well or not. The accn is   A20170802045353531,reliability_addpaperreport,Action,265,2017/8/2 4:53:58,664,Reliability_AddPaperReport:32,localhost,
Action.c(265): Error: Add patient reports failed by using NotifyReportFile service, please reference the service is works well or not. The accn is   A20170802050909752,reliability_addpaperreport,Action,265,2017/8/2 5:09:15,681,Reliability_AddPaperReport:2,localhost,
Action.c(265): Error: Add patient reports failed by using NotifyReportFile service, please reference the service is works well or not. The accn is   A20170802051526243,reliability_addpaperreport,Action,265,2017/8/2 5:15:31,677,Reliability_AddPaperReport:45,localhost,
Action.c(265): Error: Add patient reports failed by using NotifyReportFile service, please reference the service is works well or not. The accn is   A20170802051730061,reliability_addpaperreport,Action,265,2017/8/2 5:17:36,681,Reliability_AddPaperReport:32,localhost,
Action.c(265): Error: Add patient reports failed by using NotifyReportFile service, please reference the service is works well or not. The accn is   A20170802052106651,reliability_addpaperreport,Action,265,2017/8/2 5:21:11,686,Reliability_AddPaperReport:28,localhost,
Action.c(265): Error: Add patient reports failed by using NotifyReportFile service, please reference the service is works well or not. The accn is   A20170802052705358,reliability_addpaperreport,Action,265,2017/8/2 5:27:10,688,Reliability_AddPaperReport:21,localhost,
Action.c(265): Error: Add patient reports failed by using NotifyReportFile service, please reference the service is works well or not. The accn is   A20170802052837165,reliability_addpaperreport,Action,265,2017/8/2 5:28:42,692,Reliability_AddPaperReport:18,localhost,
Action.c(265): Error: Add patient reports failed by using NotifyReportFile service, please reference the service is works well or not. The accn is   A20170802054856026,reliability_addpaperreport,Action,265,2017/8/2 5:49:01,702,Reliability_AddPaperReport:41,localhost,
Action.c(265): Error: Add patient reports failed by using NotifyReportFile service, please reference the service is works well or not. The accn is   A20170802060429594,reliability_addpaperreport,Action,265,2017/8/2 6:04:35,712,Reliability_AddPaperReport:19,localhost,
Action.c(265): Error: Add patient reports failed by using NotifyReportFile service, please reference the service is works well or not. The accn is   A20170802062825342,reliability_addpaperreport,Action,265,2017/8/2 6:28:30,738,Reliability_AddPaperReport:30,localhost,
Action.c(265): Error: Add patient reports failed by using NotifyReportFile service, please reference the service is works well or not. The accn is   A20170802064003038,reliability_addpaperreport,Action,265,2017/8/2 6:40:08,740,Reliability_AddPaperReport:1,localhost,
Action.c(265): Error: Add patient reports failed by using NotifyReportFile service, please reference the service is works well or not. The accn is   A20170802065313008,reliability_addpaperreport,Action,265,2017/8/2 6:53:18,749,Reliability_AddPaperReport:1,localhost,
Action.c(265): Error: Add patient reports failed by using NotifyReportFile service, please reference the service is works well or not. The accn is   A20170802070135438,reliability_addpaperreport,Action,265,2017/8/2 7:01:40,752,Reliability_AddPaperReport:21,localhost,
Action.c(265): Error: Add patient reports failed by using NotifyReportFile service, please reference the service is works well or not. The accn is   A20170802070528128,reliability_addpaperreport,Action,265,2017/8/2 7:05:33,762,Reliability_AddPaperReport:17,localhost,
Action.c(265): Error: Add patient reports failed by using NotifyReportFile service, please reference the service is works well or not. The accn is   A20170802071931918,reliability_addpaperreport,Action,265,2017/8/2 7:19:37,764,Reliability_AddPaperReport:32,localhost,
Action.c(265): Error: Add patient reports failed by using NotifyReportFile service, please reference the service is works well or not. The accn is   A20170802075301997,reliability_addpaperreport,Action,265,2017/8/2 7:53:07,795,Reliability_AddPaperReport:10,localhost,
Action.c(265): Error: Add patient reports failed by using NotifyReportFile service, please reference the service is works well or not. The accn is   A20170802075413913,reliability_addpaperreport,Action,265,2017/8/2 7:54:19,795,Reliability_AddPaperReport:42,localhost,
Action.c(265): Error: Add patient reports failed by using NotifyReportFile service, please reference the service is works well or not. The accn is   A20170802075901999,reliability_addpaperreport,Action,265,2017/8/2 7:59:07,799,Reliability_AddPaperReport:29,localhost,
Action.c(265): Error: Add patient reports failed by using NotifyReportFile service, please reference the service is works well or not. The accn is   A20170802080034211,reliability_addpaperreport,Action,265,2017/8/2 8:00:39,792,Reliability_AddPaperReport:31,localhost,
Action.c(265): Error: Add patient reports failed by using NotifyReportFile service, please reference the service is works well or not. The accn is   A20170802080612950,reliability_addpaperreport,Action,265,2017/8/2 8:06:18,798,Reliability_AddPaperReport:41,localhost,
Action.c(265): Error: Add patient reports failed by using NotifyReportFile service, please reference the service is works well or not. The accn is   A20170802080749498,reliability_addpaperreport,Action,265,2017/8/2 8:07:54,805,Reliability_AddPaperReport:17,localhost,
Action.c(265): Error: Add patient reports failed by using NotifyReportFile service, please reference the service is works well or not. The accn is   A20170802081342948,reliability_addpaperreport,Action,265,2017/8/2 8:13:48,801,Reliability_AddPaperReport:21,localhost,
Action.c(265): Error: Add patient reports failed by using NotifyReportFile service, please reference the service is works well or not. The accn is   A20170802082633137,reliability_addpaperreport,Action,265,2017/8/2 8:26:38,818,Reliability_AddPaperReport:29,localhost,
Action.c(265): Error: Add patient reports failed by using NotifyReportFile service, please reference the service is works well or not. The accn is   A20170802083512961,reliability_addpaperreport,Action,265,2017/8/2 8:35:18,816,Reliability_AddPaperReport:32,localhost,
Action.c(265): Error: Add patient reports failed by using NotifyReportFile service, please reference the service is works well or not. The accn is   A20170802084204552,reliability_addpaperreport,Action,265,2017/8/2 8:42:10,829,Reliability_AddPaperReport:17,localhost,
Action.c(265): Error: Add patient reports failed by using NotifyReportFile service, please reference the service is works well or not. The accn is   A20170802084600674,reliability_addpaperreport,Action,265,2017/8/2 8:46:05,827,Reliability_AddPaperReport:20,localhost,
Action.c(265): Error: Add patient reports failed by using NotifyReportFile service, please reference the service is works well or not. The accn is   A20170802085626360,reliability_addpaperreport,Action,265,2017/8/2 8:56:32,831,Reliability_AddPaperReport:21,localhost,
Action.c(265): Error: Add patient reports failed by using NotifyReportFile service, please reference the service is works well or not. The accn is   A20170802090357528,reliability_addpaperreport,Action,265,2017/8/2 9:04:02,836,Reliability_AddPaperReport:32,localhost,
Action.c(265): Error: Add patient reports failed by using NotifyReportFile service, please reference the service is works well or not. The accn is   A20170802091929516,reliability_addpaperreport,Action,265,2017/8/2 9:19:34,855,Reliability_AddPaperReport:10,localhost,
Action.c(265): Error: Add patient reports failed by using NotifyReportFile service, please reference the service is works well or not. The accn is   A20170802092752118,reliability_addpaperreport,Action,265,2017/8/2 9:27:57,852,Reliability_AddPaperReport:21,localhost,
Action.c(265): Error: Add patient reports failed by using NotifyReportFile service, please reference the service is works well or not. The accn is   A20170802092851944,reliability_addpaperreport,Action,265,2017/8/2 9:29:08,861,Reliability_AddPaperReport:42,localhost,
Action.c(265): Error: Add patient reports failed by using NotifyReportFile service, please reference the service is works well or not. The accn is   A20170802092850213,reliability_addpaperreport,Action,265,2017/8/2 9:29:08,858,Reliability_AddPaperReport:43,localhost,
Action.c(265): Error: Add patient reports failed by using NotifyReportFile service, please reference the service is works well or not. The accn is   A20170802093503365,reliability_addpaperreport,Action,265,2017/8/2 9:35:09,865,Reliability_AddPaperReport:42,localhost,
Action.c(265): Error: Add patient reports failed by using NotifyReportFile service, please reference the service is works well or not. The accn is   A20170802095245384,reliability_addpaperreport,Action,265,2017/8/2 9:52:50,877,Reliability_AddPaperReport:42,localhost,
Action.c(265): Error: Add patient reports failed by using NotifyReportFile service, please reference the service is works well or not. The accn is   A20170802095315102,reliability_addpaperreport,Action,265,2017/8/2 9:53:20,871,Reliability_AddPaperReport:41,localhost,
Action.c(219): Error: The task do not finish correct: TaskID: 4622080  From Terminal: K2_1,reliability_terminal_film_print,Action,219,2017/8/1 13:28:36,12,Reliability_Terminal_film_print:1,localhost,
Action.c(219): Error: The task do not finish correct: TaskID: 4622143  From Terminal: K2_1,reliability_terminal_film_print,Action,219,2017/8/1 13:35:28,13,Reliability_Terminal_film_print:1,localhost,
Action.c(219): Error: The task do not finish correct: TaskID: 4622209  From Terminal: K2_1,reliability_terminal_film_print,Action,219,2017/8/1 13:42:35,14,Reliability_Terminal_film_print:1,localhost,
Action.c(219): Error: The task do not finish correct: TaskID: 4627959  From Terminal: K2_8,reliability_terminal_film_print,Action,219,2017/8/2 0:51:13,310,Reliability_Terminal_film_print:7,localhost,
Action.c(411): Error: The report task print failed! taskID: 4622172  From Terminal: Terminal9,reliability_terminal_report_print,Action,411,2017/8/1 13:38:57,15,Reliability_Terminal_report_print:45,localhost,
Action.c(411): Error: The report task print failed! taskID: 4622262  From Terminal: Terminal35,reliability_terminal_report_print,Action,411,2017/8/1 13:48:44,19,Reliability_Terminal_report_print:31,localhost,
Action.c(411): Error: The report task print failed! taskID: 4622264  From Terminal: Terminal48,reliability_terminal_report_print,Action,411,2017/8/1 13:48:54,18,Reliability_Terminal_report_print:43,localhost,
Action.c(411): Error: The report task print failed! taskID: 4622281  From Terminal: Terminal7,reliability_terminal_report_print,Action,411,2017/8/1 13:50:46,18,Reliability_Terminal_report_print:45,localhost,
Action.c(411): Error: The report task print failed! taskID: 4622464  From Terminal: Terminal8,reliability_terminal_report_print,Action,411,2017/8/1 14:10:15,24,Reliability_Terminal_report_print:45,localhost,
Action.c(411): Error: The report task print failed! taskID: 4623440  From Terminal: Terminal37,reliability_terminal_report_print,Action,411,2017/8/1 15:54:32,71,Reliability_Terminal_report_print:32,localhost,
Action.c(411): Error: The report task print failed! taskID: 4626852  From Terminal: Terminal12,reliability_terminal_report_print,Action,411,2017/8/1 22:25:27,234,Reliability_Terminal_report_print:1,localhost,
Action.c(411): Error: The report task print failed! taskID: 4627576  From Terminal: Terminal27,reliability_terminal_report_print,Action,411,2017/8/2 0:00:36,275,Reliability_Terminal_report_print:20,localhost,
Action.c(411): Error: The report task print failed! taskID: 4627664  From Terminal: Terminal47,reliability_terminal_report_print,Action,411,2017/8/2 0:12:18,277,Reliability_Terminal_report_print:43,localhost,
Action.c(411): Error: The report task print failed! taskID: 4627973  From Terminal: Terminal10,reliability_terminal_report_print,Action,411,2017/8/2 0:52:41,292,Reliability_Terminal_report_print:1,localhost,
Action.c(411): Error: The report task print failed! taskID: 4627976  From Terminal: Terminal32,reliability_terminal_report_print,Action,411,2017/8/2 0:53:50,291,Reliability_Terminal_report_print:31,localhost,
Action.c(411): Error: The report task print failed! taskID: 4628019  From Terminal: Terminal24,reliability_terminal_report_print,Action,411,2017/8/2 0:59:19,297,Reliability_Terminal_report_print:20,localhost,
Action.c(411): Error: The report task print failed! taskID: 4628018  From Terminal: Terminal5,reliability_terminal_report_print,Action,411,2017/8/2 0:59:19,295,Reliability_Terminal_report_print:43,localhost,
Action.c(411): Error: The report task print failed! taskID: 4628158  From Terminal: Terminal6,reliability_terminal_report_print,Action,411,2017/8/2 1:18:37,297,Reliability_Terminal_report_print:45,localhost,
Action.c(411): Error: The report task print failed! taskID: 4631611  From Terminal: Terminal22,reliability_terminal_report_print,Action,411,2017/8/2 8:47:31,495,Reliability_Terminal_report_print:10,localhost,
Action.c(411): Error: The report task print failed! taskID: 4632031  From Terminal: Terminal42,reliability_terminal_report_print,Action,411,2017/8/2 9:36:59,517,Reliability_Terminal_report_print:42,localhost,
Action.c(411): Error: The report task print failed! taskID: 4632158  From Terminal: Terminal1,reliability_terminal_report_print,Action,411,2017/8/2 9:50:33,516,Reliability_Terminal_report_print:1,localhost,
