-17999,Action.c(265): Error: Add patient reports failed by using NotifyReportFile service, please reference the service is works well or not. The accn is   A20170722163441837,reliability_addpaperreport,Action,265,2017/7/22 16:34,8,Reliability_AddPaperReport:1,localhost
-17999,Action.c(265): Error: Add patient reports failed by using NotifyReportFile service, please reference the service is works well or not. The accn is   A20170722163443567,reliability_addpaperreport,Action,265,2017/7/22 16:34,5,Reliability_AddPaperReport:6,localhost
-17999,Action.c(265): Error: Add patient reports failed by using NotifyReportFile service, please reference the service is works well or not. The accn is   A20170722163452867,reliability_addpaperreport,Action,265,2017/7/22 16:34,7,Reliability_AddPaperReport:4,localhost
-17999,Action.c(265): Error: Add patient reports failed by using NotifyReportFile service, please reference the service is works well or not. The accn is   A20170722163715884,reliability_addpaperreport,Action,265,2017/7/22 16:37,12,Reliability_AddPaperReport:2,localhost
-17999,Action.c(265): Error: Add patient reports failed by using NotifyReportFile service, please reference the service is works well or not. The accn is   A20170722163756030,reliability_addpaperreport,Action,265,2017/7/22 16:38,4,Reliability_AddPaperReport:28,localhost
-17999,Action.c(265): Error: Add patient reports failed by using NotifyReportFile service, please reference the service is works well or not. The accn is   A20170722163755571,reliability_addpaperreport,Action,265,2017/7/22 16:38,3,Reliability_AddPaperReport:33,localhost
-17999,Action.c(265): Error: Add patient reports failed by using NotifyReportFile service, please reference the service is works well or not. The accn is   A20170722163805411,reliability_addpaperreport,Action,265,2017/7/22 16:38,13,Reliability_AddPaperReport:3,localhost
-17999,Action.c(265): Error: Add patient reports failed by using NotifyReportFile service, please reference the service is works well or not. The accn is   A20170722163858009,reliability_addpaperreport,Action,265,2017/7/22 16:39,8,Reliability_AddPaperReport:24,localhost
-17999,Action.c(265): Error: Add patient reports failed by using NotifyReportFile service, please reference the service is works well or not. The accn is   A20170722164003637,reliability_addpaperreport,Action,265,2017/7/22 16:40,16,Reliability_AddPaperReport:4,localhost
-17999,Action.c(180): Error: Add patient reports failed by using NotifyReportFile service, please reference the service is works well or not. The accn is   A20170722164021197,reliability_addpaperreport,Action,180,2017/7/22 16:40,5,Reliability_AddPaperReport:40,localhost
-17999,Action.c(265): Error: Add patient reports failed by using NotifyReportFile service, please reference the service is works well or not. The accn is   A20170722164036557,reliability_addpaperreport,Action,265,2017/7/22 16:40,18,Reliability_AddPaperReport:1,localhost
-17999,Action.c(265): Error: Add patient reports failed by using NotifyReportFile service, please reference the service is works well or not. The accn is   A20170722164036717,reliability_addpaperreport,Action,265,2017/7/22 16:40,16,Reliability_AddPaperReport:6,localhost
-17999,Action.c(265): Error: Add patient reports failed by using NotifyReportFile service, please reference the service is works well or not. The accn is   A20170722164050597,reliability_addpaperreport,Action,265,2017/7/22 16:40,12,Reliability_AddPaperReport:18,localhost
-17999,Action.c(265): Error: Add patient reports failed by using NotifyReportFile service, please reference the service is works well or not. The accn is   A20170722164117556,reliability_addpaperreport,Action,265,2017/7/22 16:41,8,Reliability_AddPaperReport:34,localhost
-17999,Action.c(265): Error: Add patient reports failed by using NotifyReportFile service, please reference the service is works well or not. The accn is   A20170722164116586,reliability_addpaperreport,Action,265,2017/7/22 16:41,12,Reliability_AddPaperReport:24,localhost
-17999,Action.c(265): Error: Add patient reports failed by using NotifyReportFile service, please reference the service is works well or not. The accn is   A20170722164137596,reliability_addpaperreport,Action,265,2017/7/22 16:41,17,Reliability_AddPaperReport:10,localhost
-17999,Action.c(265): Error: Add patient reports failed by using NotifyReportFile service, please reference the service is works well or not. The accn is   A20170722164147855,reliability_addpaperreport,Action,265,2017/7/22 16:41,6,Reliability_AddPaperReport:43,localhost
-17999,Action.c(265): Error: Add patient reports failed by using NotifyReportFile service, please reference the service is works well or not. The accn is   A20170722164156476,reliability_addpaperreport,Action,265,2017/7/22 16:42,9,Reliability_AddPaperReport:34,localhost
-17999,Action.c(265): Error: Add patient reports failed by using NotifyReportFile service, please reference the service is works well or not. The accn is   A20170722164217285,reliability_addpaperreport,Action,265,2017/7/22 16:42,12,Reliability_AddPaperReport:28,localhost
-17999,Action.c(265): Error: Add patient reports failed by using NotifyReportFile service, please reference the service is works well or not. The accn is   A20170722164259844,reliability_addpaperreport,Action,265,2017/7/22 16:43,14,Reliability_AddPaperReport:26,localhost
-17999,Action.c(265): Error: Add patient reports failed by using NotifyReportFile service, please reference the service is works well or not. The accn is   A20170722164311874,reliability_addpaperreport,Action,265,2017/7/22 16:43,11,Reliability_AddPaperReport:32,localhost
-17999,Action.c(265): Error: Add patient reports failed by using NotifyReportFile service, please reference the service is works well or not. The accn is   A20170722164312874,reliability_addpaperreport,Action,265,2017/7/22 16:43,17,Reliability_AddPaperReport:20,localhost
-17999,Action.c(265): Error: Add patient reports failed by using NotifyReportFile service, please reference the service is works well or not. The accn is   A20170722164319744,reliability_addpaperreport,Action,265,2017/7/22 16:43,17,Reliability_AddPaperReport:12,localhost
-17999,Action.c(265): Error: Add patient reports failed by using NotifyReportFile service, please reference the service is works well or not. The accn is   A20170722164357653,reliability_addpaperreport,Action,265,2017/7/22 16:44,22,Reliability_AddPaperReport:5,localhost
-17999,Action.c(265): Error: Add patient reports failed by using NotifyReportFile service, please reference the service is works well or not. The accn is   A20170722164406073,reliability_addpaperreport,Action,265,2017/7/22 16:44,16,Reliability_AddPaperReport:23,localhost
-17999,Action.c(265): Error: Add patient reports failed by using NotifyReportFile service, please reference the service is works well or not. The accn is   A20170722164400583,reliability_addpaperreport,Action,265,2017/7/22 16:44,19,Reliability_AddPaperReport:16,localhost
-17999,Action.c(265): Error: Add patient reports failed by using NotifyReportFile service, please reference the service is works well or not. The accn is   A20170722164415704,reliability_addpaperreport,Action,265,2017/7/22 16:44,14,Reliability_AddPaperReport:30,localhost
-17999,Action.c(265): Error: Add patient reports failed by using NotifyReportFile service, please reference the service is works well or not. The accn is   A20170722164616560,reliability_addpaperreport,Action,265,2017/7/22 16:46,17,Reliability_AddPaperReport:33,localhost
-17999,Action.c(265): Error: Add patient reports failed by using NotifyReportFile service, please reference the service is works well or not. The accn is   A20170722164650419,reliability_addpaperreport,Action,265,2017/7/22 16:46,24,Reliability_AddPaperReport:11,localhost
-17999,Action.c(265): Error: Add patient reports failed by using NotifyReportFile service, please reference the service is works well or not. The accn is   A20170722164655639,reliability_addpaperreport,Action,265,2017/7/22 16:47,22,Reliability_AddPaperReport:25,localhost
-17999,Action.c(265): Error: Add patient reports failed by using NotifyReportFile service, please reference the service is works well or not. The accn is   A20170722164657839,reliability_addpaperreport,Action,265,2017/7/22 16:47,16,Reliability_AddPaperReport:44,localhost
-17999,Action.c(58): Error: The film print status is not correct and Update the status by databse failed: the accessionnumber is - A20170722152040282,reliability_terminal_film_print,Action,58,2017/7/22 16:47,10,Reliability_Terminal_film_print:6,localhost,
-17999,Action.c(265): Error: Add patient reports failed by using NotifyReportFile service, please reference the service is works well or not. The accn is   A20170722164731449,reliability_addpaperreport,Action,265,2017/7/22 16:47,17,Reliability_AddPaperReport:41,localhost
-17999,Action.c(265): Error: Add patient reports failed by using NotifyReportFile service, please reference the service is works well or not. The accn is   A20170722164738769,reliability_addpaperreport,Action,265,2017/7/22 16:47,20,Reliability_AddPaperReport:36,localhost
-17999,Action.c(265): Error: Add patient reports failed by using NotifyReportFile service, please reference the service is works well or not. The accn is   A20170722164800718,reliability_addpaperreport,Action,265,2017/7/22 16:48,21,Reliability_AddPaperReport:36,localhost
-17999,Action.c(265): Error: Add patient reports failed by using NotifyReportFile service, please reference the service is works well or not. The accn is   A20170722164845578,reliability_addpaperreport,Action,265,2017/7/22 16:48,24,Reliability_AddPaperReport:22,localhost
-17999,Action.c(265): Error: Add patient reports failed by using NotifyReportFile service, please reference the service is works well or not. The accn is   A20170722164937046,reliability_addpaperreport,Action,265,2017/7/22 16:49,33,Reliability_AddPaperReport:5,localhost
-17999,Action.c(265): Error: Add patient reports failed by using NotifyReportFile service, please reference the service is works well or not. The accn is   A20170722165006505,reliability_addpaperreport,Action,265,2017/7/22 16:50,36,Reliability_AddPaperReport:1,localhost
-17999,Action.c(265): Error: Add patient reports failed by using NotifyReportFile service, please reference the service is works well or not. The accn is   A20170722165048834,reliability_addpaperreport,Action,265,2017/7/22 16:50,34,Reliability_AddPaperReport:6,localhost
-17999,Action.c(265): Error: Add patient reports failed by using NotifyReportFile service, please reference the service is works well or not. The accn is   A20170722165055903,reliability_addpaperreport,Action,265,2017/7/22 16:51,25,Reliability_AddPaperReport:44,localhost
-17999,Action.c(265): Error: Add patient reports failed by using NotifyReportFile service, please reference the service is works well or not. The accn is   A20170722165202450,reliability_addpaperreport,Action,265,2017/7/22 16:52,25,Reliability_AddPaperReport:45,localhost
-17999,Action.c(208): Error: The task do not finish correct: TaskID: 4611001  From Terminal: K2_7,reliability_terminal_film_print,Action,208,2017/7/22 16:52,10,Reliability_Terminal_film_print:6,localhost,
-17999,Action.c(265): Error: Add patient reports failed by using NotifyReportFile service, please reference the service is works well or not. The accn is   A20170722165324077,reliability_addpaperreport,Action,265,2017/7/22 16:53,31,Reliability_AddPaperReport:36,localhost
-17999,Action.c(265): Error: Add patient reports failed by using NotifyReportFile service, please reference the service is works well or not. The accn is   A20170722165331373,reliability_addpaperreport,Action,265,2017/7/22 16:53,39,Reliability_AddPaperReport:4,localhost
-17999,Action.c(265): Error: Add patient reports failed by using NotifyReportFile service, please reference the service is works well or not. The accn is   A20170722165426016,reliability_addpaperreport,Action,265,2017/7/22 16:54,38,Reliability_AddPaperReport:10,localhost
-17999,Action.c(265): Error: Add patient reports failed by using NotifyReportFile service, please reference the service is works well or not. The accn is   A20170722165553634,reliability_addpaperreport,Action,265,2017/7/22 16:56,37,Reliability_AddPaperReport:22,localhost
-17999,Action.c(265): Error: Add patient reports failed by using NotifyReportFile service, please reference the service is works well or not. The accn is   A20170722165627233,reliability_addpaperreport,Action,265,2017/7/22 16:56,37,Reliability_AddPaperReport:27,localhost
-17999,Action.c(265): Error: Add patient reports failed by using NotifyReportFile service, please reference the service is works well or not. The accn is   A20170722165710614,reliability_addpaperreport,Action,265,2017/7/22 16:57,37,Reliability_AddPaperReport:44,localhost
-17999,Action.c(265): Error: Add patient reports failed by using NotifyReportFile service, please reference the service is works well or not. The accn is   A20170722165739074,reliability_addpaperreport,Action,265,2017/7/22 16:57,49,Reliability_AddPaperReport:7,localhost
-17999,Action.c(265): Error: Add patient reports failed by using NotifyReportFile service, please reference the service is works well or not. The accn is   A20170722165747823,reliability_addpaperreport,Action,265,2017/7/22 16:57,44,Reliability_AddPaperReport:20,localhost
-17999,Action.c(265): Error: Add patient reports failed by using NotifyReportFile service, please reference the service is works well or not. The accn is   A20170722165807658,reliability_addpaperreport,Action,265,2017/7/22 16:58,43,Reliability_AddPaperReport:19,localhost
-17999,Action.c(265): Error: Add patient reports failed by using NotifyReportFile service, please reference the service is works well or not. The accn is   A20170722165913096,reliability_addpaperreport,Action,265,2017/7/22 16:59,50,Reliability_AddPaperReport:8,localhost
-17999,Action.c(265): Error: Add patient reports failed by using NotifyReportFile service, please reference the service is works well or not. The accn is   A20170722165913705,reliability_addpaperreport,Action,265,2017/7/22 16:59,45,Reliability_AddPaperReport:19,localhost
-17999,Action.c(265): Error: Add patient reports failed by using NotifyReportFile service, please reference the service is works well or not. The accn is   A20170722165953838,reliability_addpaperreport,Action,265,2017/7/22 16:59,48,Reliability_AddPaperReport:10,localhost
-17999,Action.c(265): Error: Add patient reports failed by using NotifyReportFile service, please reference the service is works well or not. The accn is   A20170722170111527,reliability_addpaperreport,Action,265,2017/7/22 17:01,45,Reliability_AddPaperReport:36,localhost
-17999,Action.c(265): Error: Add patient reports failed by using NotifyReportFile service, please reference the service is works well or not. The accn is   A20170722170140256,reliability_addpaperreport,Action,265,2017/7/22 17:01,49,Reliability_AddPaperReport:24,localhost
-17999,Action.c(265): Error: Add patient reports failed by using NotifyReportFile service, please reference the service is works well or not. The accn is   A20170722170156156,reliability_addpaperreport,Action,265,2017/7/22 17:02,45,Reliability_AddPaperReport:37,localhost
-17999,Action.c(265): Error: Add patient reports failed by using NotifyReportFile service, please reference the service is works well or not. The accn is   A20170722170250895,reliability_addpaperreport,Action,265,2017/7/22 17:02,47,Reliability_AddPaperReport:31,localhost
-17999,Action.c(265): Error: Add patient reports failed by using NotifyReportFile service, please reference the service is works well or not. The accn is   A20170722170300574,reliability_addpaperreport,Action,265,2017/7/22 17:03,53,Reliability_AddPaperReport:10,localhost
-17999,Action.c(265): Error: Add patient reports failed by using NotifyReportFile service, please reference the service is works well or not. The accn is   A20170722170303474,reliability_addpaperreport,Action,265,2017/7/22 17:03,54,Reliability_AddPaperReport:16,localhost
-17999,Action.c(265): Error: Add patient reports failed by using NotifyReportFile service, please reference the service is works well or not. The accn is   A20170722170304254,reliability_addpaperreport,Action,265,2017/7/22 17:03,43,Reliability_AddPaperReport:38,localhost
-17999,Action.c(265): Error: Add patient reports failed by using NotifyReportFile service, please reference the service is works well or not. The accn is   A20170722170256914,reliability_addpaperreport,Action,265,2017/7/22 17:03,52,Reliability_AddPaperReport:17,localhost
-17999,Action.c(265): Error: Add patient reports failed by using NotifyReportFile service, please reference the service is works well or not. The accn is   A20170722170420803,reliability_addpaperreport,Action,265,2017/7/22 17:04,49,Reliability_AddPaperReport:29,localhost
-17999,Action.c(265): Error: Add patient reports failed by using NotifyReportFile service, please reference the service is works well or not. The accn is   A20170722170414183,reliability_addpaperreport,Action,265,2017/7/22 17:04,41,Reliability_AddPaperReport:42,localhost
-17999,Action.c(58): Error: The film print status is not correct and Update the status by databse failed: the accessionnumber is - A20170722152040282,reliability_terminal_film_print,Action,58,2017/7/22 17:05,22,Reliability_Terminal_film_print:6,localhost,
-17999,Action.c(265): Error: Add patient reports failed by using NotifyReportFile service, please reference the service is works well or not. The accn is   A20170722170609320,reliability_addpaperreport,Action,265,2017/7/22 17:06,51,Reliability_AddPaperReport:41,localhost
-17999,Action.c(265): Error: Add patient reports failed by using NotifyReportFile service, please reference the service is works well or not. The accn is   A20170722170610011,reliability_addpaperreport,Action,265,2017/7/22 17:06,51,Reliability_AddPaperReport:40,localhost
-17999,Action.c(265): Error: Add patient reports failed by using NotifyReportFile service, please reference the service is works well or not. The accn is   A20170722170625500,reliability_addpaperreport,Action,265,2017/7/22 17:06,58,Reliability_AddPaperReport:13,localhost
-17999,Action.c(265): Error: Add patient reports failed by using NotifyReportFile service, please reference the service is works well or not. The accn is   A20170722170628410,reliability_addpaperreport,Action,265,2017/7/22 17:06,66,Reliability_AddPaperReport:3,localhost
-17999,Action.c(265): Error: Add patient reports failed by using NotifyReportFile service, please reference the service is works well or not. The accn is   A20170722170855247,reliability_addpaperreport,Action,265,2017/7/22 17:09,60,Reliability_AddPaperReport:23,localhost
-17999,Action.c(265): Error: Add patient reports failed by using NotifyReportFile service, please reference the service is works well or not. The accn is   A20170722170936756,reliability_addpaperreport,Action,265,2017/7/22 17:09,57,Reliability_AddPaperReport:37,localhost
-17999,Action.c(265): Error: Add patient reports failed by using NotifyReportFile service, please reference the service is works well or not. The accn is   A20170722171002626,reliability_addpaperreport,Action,265,2017/7/22 17:10,63,Reliability_AddPaperReport:17,localhost
-17999,Action.c(208): Error: The task do not finish correct: TaskID: 4611783  From Terminal: K2_7,reliability_terminal_film_print,Action,208,2017/7/22 17:10,22,Reliability_Terminal_film_print:6,localhost,
-17999,Action.c(265): Error: Add patient reports failed by using NotifyReportFile service, please reference the service is works well or not. The accn is   A20170722171023235,reliability_addpaperreport,Action,265,2017/7/22 17:10,70,Reliability_AddPaperReport:2,localhost
-17999,Action.c(265): Error: Add patient reports failed by using NotifyReportFile service, please reference the service is works well or not. The accn is   A20170722171052245,reliability_addpaperreport,Action,265,2017/7/22 17:10,63,Reliability_AddPaperReport:44,localhost
-17999,Action.c(265): Error: Add patient reports failed by using NotifyReportFile service, please reference the service is works well or not. The accn is   A20170722171120484,reliability_addpaperreport,Action,265,2017/7/22 17:11,64,Reliability_AddPaperReport:44,localhost
-17999,Action.c(265): Error: Add patient reports failed by using NotifyReportFile service, please reference the service is works well or not. The accn is   A20170722171130854,reliability_addpaperreport,Action,265,2017/7/22 17:11,60,Reliability_AddPaperReport:34,localhost
-17999,Action.c(265): Error: Add patient reports failed by using NotifyReportFile service, please reference the service is works well or not. The accn is   A20170722171132904,reliability_addpaperreport,Action,265,2017/7/22 17:11,68,Reliability_AddPaperReport:12,localhost
-17999,Action.c(265): Error: Add patient reports failed by using NotifyReportFile service, please reference the service is works well or not. The accn is   A20170722171223053,reliability_addpaperreport,Action,265,2017/7/22 17:12,62,Reliability_AddPaperReport:32,localhost
-17999,Action.c(265): Error: Add patient reports failed by using NotifyReportFile service, please reference the service is works well or not. The accn is   A20170722171235723,reliability_addpaperreport,Action,265,2017/7/22 17:12,71,Reliability_AddPaperReport:6,localhost
-17999,Action.c(265): Error: Add patient reports failed by using NotifyReportFile service, please reference the service is works well or not. The accn is   A20170722171310252,reliability_addpaperreport,Action,265,2017/7/22 17:13,73,Reliability_AddPaperReport:9,localhost
-17999,Action.c(265): Error: Add patient reports failed by using NotifyReportFile service, please reference the service is works well or not. The accn is   A20170722171345291,reliability_addpaperreport,Action,265,2017/7/22 17:13,63,Reliability_AddPaperReport:33,localhost
-17999,Action.c(265): Error: Add patient reports failed by using NotifyReportFile service, please reference the service is works well or not. The accn is   A20170722171353271,reliability_addpaperreport,Action,265,2017/7/22 17:13,70,Reliability_AddPaperReport:23,localhost
-17999,Action.c(265): Error: Add patient reports failed by using NotifyReportFile service, please reference the service is works well or not. The accn is   A20170722171420991,reliability_addpaperreport,Action,265,2017/7/22 17:14,72,Reliability_AddPaperReport:13,localhost
-17999,Action.c(265): Error: Add patient reports failed by using NotifyReportFile service, please reference the service is works well or not. The accn is   A20170722171426490,reliability_addpaperreport,Action,265,2017/7/22 17:14,65,Reliability_AddPaperReport:37,localhost
-17999,Action.c(265): Error: Add patient reports failed by using NotifyReportFile service, please reference the service is works well or not. The accn is   A20170722171441700,reliability_addpaperreport,Action,265,2017/7/22 17:14,79,Reliability_AddPaperReport:3,localhost
-17999,Action.c(265): Error: Add patient reports failed by using NotifyReportFile service, please reference the service is works well or not. The accn is   A20170722171448130,reliability_addpaperreport,Action,265,2017/7/22 17:15,73,Reliability_AddPaperReport:20,localhost
-17999,Action.c(265): Error: Add patient reports failed by using NotifyReportFile service, please reference the service is works well or not. The accn is   A20170722171500740,reliability_addpaperreport,Action,265,2017/7/22 17:15,73,Reliability_AddPaperReport:13,localhost
-17999,Action.c(265): Error: Add patient reports failed by using NotifyReportFile service, please reference the service is works well or not. The accn is   A20170722171500770,reliability_addpaperreport,Action,265,2017/7/22 17:15,74,Reliability_AddPaperReport:5,localhost
-17999,Action.c(265): Error: Add patient reports failed by using NotifyReportFile service, please reference the service is works well or not. The accn is   A20170722171504189,reliability_addpaperreport,Action,265,2017/7/22 17:15,71,Reliability_AddPaperReport:44,localhost
-17999,Action.c(265): Error: Add patient reports failed by using NotifyReportFile service, please reference the service is works well or not. The accn is   A20170722171559849,reliability_addpaperreport,Action,265,2017/7/22 17:16,73,Reliability_AddPaperReport:23,localhost
-17999,Action.c(265): Error: Add patient reports failed by using NotifyReportFile service, please reference the service is works well or not. The accn is   A20170722171603998,reliability_addpaperreport,Action,265,2017/7/22 17:16,79,Reliability_AddPaperReport:8,localhost
-17999,Action.c(265): Error: Add patient reports failed by using NotifyReportFile service, please reference the service is works well or not. The accn is   A20170722171619528,reliability_addpaperreport,Action,265,2017/7/22 17:16,71,Reliability_AddPaperReport:30,localhost
-17999,Action.c(265): Error: Add patient reports failed by using NotifyReportFile service, please reference the service is works well or not. The accn is   A20170722171643208,reliability_addpaperreport,Action,265,2017/7/22 17:16,77,Reliability_AddPaperReport:12,localhost
-17999,Action.c(265): Error: Add patient reports failed by using NotifyReportFile service, please reference the service is works well or not. The accn is   A20170722171631198,reliability_addpaperreport,Action,265,2017/7/22 17:16,81,Reliability_AddPaperReport:4,localhost
-17999,Action.c(265): Error: Add patient reports failed by using NotifyReportFile service, please reference the service is works well or not. The accn is   A20170722171707787,reliability_addpaperreport,Action,265,2017/7/22 17:17,74,Reliability_AddPaperReport:44,localhost
-17999,Action.c(265): Error: Add patient reports failed by using NotifyReportFile service, please reference the service is works well or not. The accn is   A20170722171710137,reliability_addpaperreport,Action,265,2017/7/22 17:17,81,Reliability_AddPaperReport:1,localhost
-17999,Action.c(265): Error: Add patient reports failed by using NotifyReportFile service, please reference the service is works well or not. The accn is   A20170722171728007,reliability_addpaperreport,Action,265,2017/7/22 17:17,65,Reliability_AddPaperReport:42,localhost
-17999,Action.c(265): Error: Add patient reports failed by using NotifyReportFile service, please reference the service is works well or not. The accn is   A20170722171757037,reliability_addpaperreport,Action,265,2017/7/22 17:18,79,Reliability_AddPaperReport:28,localhost
-17999,Action.c(265): Error: Add patient reports failed by using NotifyReportFile service, please reference the service is works well or not. The accn is   A20170722171830405,reliability_addpaperreport,Action,265,2017/7/22 17:18,72,Reliability_AddPaperReport:45,localhost
-17999,Action.c(265): Error: Add patient reports failed by using NotifyReportFile service, please reference the service is works well or not. The accn is   A20170722171913844,reliability_addpaperreport,Action,265,2017/7/22 17:19,78,Reliability_AddPaperReport:44,localhost
-17999,Action.c(265): Error: Add patient reports failed by using NotifyReportFile service, please reference the service is works well or not. The accn is   A20170722171938974,reliability_addpaperreport,Action,265,2017/7/22 17:19,84,Reliability_AddPaperReport:6,localhost
-17999,Action.c(265): Error: Add patient reports failed by using NotifyReportFile service, please reference the service is works well or not. The accn is   A20170722172041673,reliability_addpaperreport,Action,265,2017/7/22 17:20,86,Reliability_AddPaperReport:6,localhost
-17999,Action.c(265): Error: Add patient reports failed by using NotifyReportFile service, please reference the service is works well or not. The accn is   A20170722172051663,reliability_addpaperreport,Action,265,2017/7/22 17:20,84,Reliability_AddPaperReport:5,localhost
-17999,Action.c(265): Error: Add patient reports failed by using NotifyReportFile service, please reference the service is works well or not. The accn is   A20170722172218221,reliability_addpaperreport,Action,265,2017/7/22 17:22,89,Reliability_AddPaperReport:19,localhost
-17999,Action.c(265): Error: Add patient reports failed by using NotifyReportFile service, please reference the service is works well or not. The accn is   A20170722172247411,reliability_addpaperreport,Action,265,2017/7/22 17:22,86,Reliability_AddPaperReport:20,localhost
-17999,Action.c(58): Error: The film print status is not correct and Update the status by databse failed: the accessionnumber is - A20170722152040282,reliability_terminal_film_print,Action,58,2017/7/22 17:22,34,Reliability_Terminal_film_print:6,localhost,
-17999,Action.c(265): Error: Add patient reports failed by using NotifyReportFile service, please reference the service is works well or not. The accn is   A20170722172316460,reliability_addpaperreport,Action,265,2017/7/22 17:23,85,Reliability_AddPaperReport:36,localhost
-17999,Action.c(265): Error: Add patient reports failed by using NotifyReportFile service, please reference the service is works well or not. The accn is   A20170722172325900,reliability_addpaperreport,Action,265,2017/7/22 17:23,79,Reliability_AddPaperReport:38,localhost
-17999,Action.c(265): Error: Add patient reports failed by using NotifyReportFile service, please reference the service is works well or not. The accn is   A20170722172353869,reliability_addpaperreport,Action,265,2017/7/22 17:23,93,Reliability_AddPaperReport:4,localhost
-17999,Action.c(265): Error: Add patient reports failed by using NotifyReportFile service, please reference the service is works well or not. The accn is   A20170722172336670,reliability_addpaperreport,Action,265,2017/7/22 17:24,84,Reliability_AddPaperReport:32,localhost
-17999,Action.c(265): Error: Add patient reports failed by using NotifyReportFile service, please reference the service is works well or not. The accn is   A20170722172429628,reliability_addpaperreport,Action,265,2017/7/22 17:24,82,Reliability_AddPaperReport:43,localhost
-17999,Action.c(265): Error: Add patient reports failed by using NotifyReportFile service, please reference the service is works well or not. The accn is   A20170722172508518,reliability_addpaperreport,Action,265,2017/7/22 17:25,82,Reliability_AddPaperReport:38,localhost
-17999,Action.c(265): Error: Add patient reports failed by using NotifyReportFile service, please reference the service is works well or not. The accn is   A20170722172540237,reliability_addpaperreport,Action,265,2017/7/22 17:25,95,Reliability_AddPaperReport:1,localhost
-17999,Action.c(265): Error: Add patient reports failed by using NotifyReportFile service, please reference the service is works well or not. The accn is   A20170722172555696,reliability_addpaperreport,Action,265,2017/7/22 17:26,96,Reliability_AddPaperReport:6,localhost
-17999,Action.c(265): Error: Add patient reports failed by using NotifyReportFile service, please reference the service is works well or not. The accn is   A20170722172606026,reliability_addpaperreport,Action,265,2017/7/22 17:26,85,Reliability_AddPaperReport:29,localhost
-17999,Action.c(265): Error: Add patient reports failed by using NotifyReportFile service, please reference the service is works well or not. The accn is   A20170722172709125,reliability_addpaperreport,Action,265,2017/7/22 17:27,91,Reliability_AddPaperReport:22,localhost
-17999,Action.c(265): Error: Add patient reports failed by using NotifyReportFile service, please reference the service is works well or not. The accn is   A20170722172709235,reliability_addpaperreport,Action,265,2017/7/22 17:27,97,Reliability_AddPaperReport:12,localhost
-17999,Action.c(265): Error: Add patient reports failed by using NotifyReportFile service, please reference the service is works well or not. The accn is   A20170722172736764,reliability_addpaperreport,Action,265,2017/7/22 17:27,98,Reliability_AddPaperReport:12,localhost
-17999,Action.c(265): Error: Add patient reports failed by using NotifyReportFile service, please reference the service is works well or not. The accn is   A20170722172803189,reliability_addpaperreport,Action,265,2017/7/22 17:28,93,Reliability_AddPaperReport:22,localhost
-17999,Action.c(208): Error: The task do not finish correct: TaskID: 4612578  From Terminal: K2_7,reliability_terminal_film_print,Action,208,2017/7/22 17:28,34,Reliability_Terminal_film_print:6,localhost,
-17999,Action.c(265): Error: Add patient reports failed by using NotifyReportFile service, please reference the service is works well or not. The accn is   A20170722172821500,reliability_addpaperreport,Action,265,2017/7/22 17:28,92,Reliability_AddPaperReport:37,localhost
-17999,Action.c(265): Error: Add patient reports failed by using NotifyReportFile service, please reference the service is works well or not. The accn is   A20170722172821951,reliability_addpaperreport,Action,265,2017/7/22 17:28,89,Reliability_AddPaperReport:43,localhost
-17999,Action.c(265): Error: Add patient reports failed by using NotifyReportFile service, please reference the service is works well or not. The accn is   A20170722172822760,reliability_addpaperreport,Action,265,2017/7/22 17:28,101,Reliability_AddPaperReport:4,localhost
-17999,Action.c(265): Error: Add patient reports failed by using NotifyReportFile service, please reference the service is works well or not. The accn is   A20170722172910877,reliability_addpaperreport,Action,265,2017/7/22 17:29,96,Reliability_AddPaperReport:22,localhost
-17999,Action.c(265): Error: Add patient reports failed by using NotifyReportFile service, please reference the service is works well or not. The accn is   A20170722173012940,reliability_addpaperreport,Action,265,2017/7/22 17:30,93,Reliability_AddPaperReport:43,localhost
-17999,Action.c(265): Error: Add patient reports failed by using NotifyReportFile service, please reference the service is works well or not. The accn is   A20170722173042799,reliability_addpaperreport,Action,265,2017/7/22 17:30,101,Reliability_AddPaperReport:13,localhost
-17999,Action.c(265): Error: Add patient reports failed by using NotifyReportFile service, please reference the service is works well or not. The accn is   A20170722173122608,reliability_addpaperreport,Action,265,2017/7/22 17:31,108,Reliability_AddPaperReport:8,localhost
-17999,Action.c(265): Error: Add patient reports failed by using NotifyReportFile service, please reference the service is works well or not. The accn is   A20170722173139328,reliability_addpaperreport,Action,265,2017/7/22 17:31,101,Reliability_AddPaperReport:36,localhost
-17999,Action.c(265): Error: Add patient reports failed by using NotifyReportFile service, please reference the service is works well or not. The accn is   A20170722173254855,reliability_addpaperreport,Action,265,2017/7/22 17:33,111,Reliability_AddPaperReport:8,localhost
-17999,Action.c(265): Error: Add patient reports failed by using NotifyReportFile service, please reference the service is works well or not. The accn is   A20170722173305674,reliability_addpaperreport,Action,265,2017/7/22 17:33,94,Reliability_AddPaperReport:42,localhost
-17999,Action.c(265): Error: Add patient reports failed by using NotifyReportFile service, please reference the service is works well or not. The accn is   A20170722173343656,reliability_addpaperreport,Action,265,2017/7/22 17:33,108,Reliability_AddPaperReport:11,localhost
-17999,Action.c(265): Error: Add patient reports failed by using NotifyReportFile service, please reference the service is works well or not. The accn is   A20170722173350697,reliability_addpaperreport,Action,265,2017/7/22 17:34,100,Reliability_AddPaperReport:29,localhost
-17999,Action.c(265): Error: Add patient reports failed by using NotifyReportFile service, please reference the service is works well or not. The accn is   A20170722173411155,reliability_addpaperreport,Action,265,2017/7/22 17:34,100,Reliability_AddPaperReport:33,localhost
-17999,Action.c(265): Error: Add patient reports failed by using NotifyReportFile service, please reference the service is works well or not. The accn is   A20170722173409046,reliability_addpaperreport,Action,265,2017/7/22 17:34,106,Reliability_AddPaperReport:5,localhost
-17999,Action.c(265): Error: Add patient reports failed by using NotifyReportFile service, please reference the service is works well or not. The accn is   A20170722173518624,reliability_addpaperreport,Action,265,2017/7/22 17:35,103,Reliability_AddPaperReport:40,localhost
-17999,Action.c(265): Error: Add patient reports failed by using NotifyReportFile service, please reference the service is works well or not. The accn is   A20170722173558914,reliability_addpaperreport,Action,265,2017/7/22 17:36,108,Reliability_AddPaperReport:22,localhost
-17999,Action.c(265): Error: Add patient reports failed by using NotifyReportFile service, please reference the service is works well or not. The accn is   A20170722173634182,reliability_addpaperreport,Action,265,2017/7/22 17:36,108,Reliability_AddPaperReport:23,localhost
-17999,Action.c(265): Error: Add patient reports failed by using NotifyReportFile service, please reference the service is works well or not. The accn is   A20170722173701212,reliability_addpaperreport,Action,265,2017/7/22 17:37,118,Reliability_AddPaperReport:4,localhost
-17999,Action.c(265): Error: Add patient reports failed by using NotifyReportFile service, please reference the service is works well or not. The accn is   A20170722173706562,reliability_addpaperreport,Action,265,2017/7/22 17:37,114,Reliability_AddPaperReport:12,localhost
-17999,Action.c(265): Error: Add patient reports failed by using NotifyReportFile service, please reference the service is works well or not. The accn is   A20170722173734782,reliability_addpaperreport,Action,265,2017/7/22 17:37,109,Reliability_AddPaperReport:24,localhost
-17999,Action.c(265): Error: Add patient reports failed by using NotifyReportFile service, please reference the service is works well or not. The accn is   A20170722173733862,reliability_addpaperreport,Action,265,2017/7/22 17:37,115,Reliability_AddPaperReport:12,localhost
-17999,Action.c(265): Error: Add patient reports failed by using NotifyReportFile service, please reference the service is works well or not. The accn is   A20170722173735192,reliability_addpaperreport,Action,265,2017/7/22 17:37,108,Reliability_AddPaperReport:45,localhost
-17999,Action.c(265): Error: Add patient reports failed by using NotifyReportFile service, please reference the service is works well or not. The accn is   A20170722173751592,reliability_addpaperreport,Action,265,2017/7/22 17:37,120,Reliability_AddPaperReport:8,localhost
-17999,Action.c(265): Error: Add patient reports failed by using NotifyReportFile service, please reference the service is works well or not. The accn is   A20170722173811431,reliability_addpaperreport,Action,265,2017/7/22 17:38,109,Reliability_AddPaperReport:31,localhost
-17999,Action.c(265): Error: Add patient reports failed by using NotifyReportFile service, please reference the service is works well or not. The accn is   A20170722173821650,reliability_addpaperreport,Action,265,2017/7/22 17:38,112,Reliability_AddPaperReport:23,localhost
-17999,Action.c(265): Error: Add patient reports failed by using NotifyReportFile service, please reference the service is works well or not. The accn is   A20170722173821611,reliability_addpaperreport,Action,265,2017/7/22 17:38,110,Reliability_AddPaperReport:37,localhost
-17999,Action.c(265): Error: Add patient reports failed by using NotifyReportFile service, please reference the service is works well or not. The accn is   A20170722173828031,reliability_addpaperreport,Action,265,2017/7/22 17:38,112,Reliability_AddPaperReport:18,localhost
-17999,Action.c(265): Error: Add patient reports failed by using NotifyReportFile service, please reference the service is works well or not. The accn is   A20170722173822180,reliability_addpaperreport,Action,265,2017/7/22 17:38,114,Reliability_AddPaperReport:13,localhost
-17999,Action.c(265): Error: Add patient reports failed by using NotifyReportFile service, please reference the service is works well or not. The accn is   A20170722173932149,reliability_addpaperreport,Action,265,2017/7/22 17:39,122,Reliability_AddPaperReport:4,localhost
-17999,Action.c(265): Error: Add patient reports failed by using NotifyReportFile service, please reference the service is works well or not. The accn is   A20170722173938229,reliability_addpaperreport,Action,265,2017/7/22 17:39,114,Reliability_AddPaperReport:20,localhost
-17999,Action.c(265): Error: Add patient reports failed by using NotifyReportFile service, please reference the service is works well or not. The accn is   A20170722174017278,reliability_addpaperreport,Action,265,2017/7/22 17:40,116,Reliability_AddPaperReport:26,localhost
-17999,Action.c(265): Error: Add patient reports failed by using NotifyReportFile service, please reference the service is works well or not. The accn is   A20170722174043688,reliability_addpaperreport,Action,265,2017/7/22 17:40,119,Reliability_AddPaperReport:36,localhost
-17999,Action.c(58): Error: The film print status is not correct and Update the status by databse failed: the accessionnumber is - A20170722152040282,reliability_terminal_film_print,Action,58,2017/7/22 17:41,46,Reliability_Terminal_film_print:6,localhost,
-17999,Action.c(265): Error: Add patient reports failed by using NotifyReportFile service, please reference the service is works well or not. The accn is   A20170722174110457,reliability_addpaperreport,Action,265,2017/7/22 17:41,106,Reliability_AddPaperReport:42,localhost
-17999,Action.c(180): Error: Add patient reports failed by using NotifyReportFile service, please reference the service is works well or not. The accn is   A20170722174200380,reliability_addpaperreport,Action,180,2017/7/22 17:42,128,Reliability_AddPaperReport:3,localhost
-17999,Action.c(265): Error: Add patient reports failed by using NotifyReportFile service, please reference the service is works well or not. The accn is   A20170722174218779,reliability_addpaperreport,Action,265,2017/7/22 17:42,126,Reliability_AddPaperReport:9,localhost
-17999,Action.c(265): Error: Add patient reports failed by using NotifyReportFile service, please reference the service is works well or not. The accn is   A20170722174225999,reliability_addpaperreport,Action,265,2017/7/22 17:42,119,Reliability_AddPaperReport:20,localhost
-17999,Action.c(265): Error: Add patient reports failed by using NotifyReportFile service, please reference the service is works well or not. The accn is   A20170722174257458,reliability_addpaperreport,Action,265,2017/7/22 17:43,118,Reliability_AddPaperReport:37,localhost
-17999,Action.c(265): Error: Add patient reports failed by using NotifyReportFile service, please reference the service is works well or not. The accn is   A20170722174319152,reliability_addpaperreport,Action,265,2017/7/22 17:43,119,Reliability_AddPaperReport:37,localhost
-17999,Action.c(265): Error: Add patient reports failed by using NotifyReportFile service, please reference the service is works well or not. The accn is   A20170722174330065,reliability_addpaperreport,Action,265,2017/7/22 17:43,116,Reliability_AddPaperReport:32,localhost
-17999,Action.c(411): Error: The report task print failed! taskID: 4613326  From Terminal: Terminal1,Reliability_Terminal_report_print,Action,411,2017/7/22 17:45,57,Reliability_Terminal_report_print:1,localhost,
-17999,Action.c(265): Error: Add patient reports failed by using NotifyReportFile service, please reference the service is works well or not. The accn is   A20170722174542246,reliability_addpaperreport,Action,265,2017/7/22 17:45,135,Reliability_AddPaperReport:3,localhost
-17999,Action.c(208): Error: The task do not finish correct: TaskID: 4613393  From Terminal: K2_7,reliability_terminal_film_print,Action,208,2017/7/22 17:46,46,Reliability_Terminal_film_print:6,localhost,
-17999,Action.c(265): Error: Add patient reports failed by using NotifyReportFile service, please reference the service is works well or not. The accn is   A20170722174652632,reliability_addpaperreport,Action,265,2017/7/22 17:46,124,Reliability_AddPaperReport:35,localhost
-17999,Action.c(265): Error: Add patient reports failed by using NotifyReportFile service, please reference the service is works well or not. The accn is   A20170722174718519,reliability_addpaperreport,Action,265,2017/7/22 17:47,138,Reliability_AddPaperReport:3,localhost
-17999,Action.c(265): Error: Add patient reports failed by using NotifyReportFile service, please reference the service is works well or not. The accn is   A20170722174753518,reliability_addpaperreport,Action,265,2017/7/22 17:48,127,Reliability_AddPaperReport:37,localhost
-17999,Action.c(265): Error: Add patient reports failed by using NotifyReportFile service, please reference the service is works well or not. The accn is   A20170722174755802,reliability_addpaperreport,Action,265,2017/7/22 17:48,130,Reliability_AddPaperReport:10,localhost
-17999,Action.c(265): Error: Add patient reports failed by using NotifyReportFile service, please reference the service is works well or not. The accn is   A20170722174905639,reliability_addpaperreport,Action,265,2017/7/22 17:49,137,Reliability_AddPaperReport:6,localhost
-17999,Action.c(265): Error: Add patient reports failed by using NotifyReportFile service, please reference the service is works well or not. The accn is   A20170722174913768,reliability_addpaperreport,Action,265,2017/7/22 17:49,133,Reliability_AddPaperReport:41,localhost
-17999,Action.c(265): Error: Add patient reports failed by using NotifyReportFile service, please reference the service is works well or not. The accn is   A20170722174917308,reliability_addpaperreport,Action,265,2017/7/22 17:49,139,Reliability_AddPaperReport:9,localhost
-17999,Action.c(208): Error: The task do not finish correct: TaskID: 4613537  From Terminal: K2_1,reliability_terminal_film_print,Action,208,2017/7/22 17:49,65,Reliability_Terminal_film_print:1,localhost,
-17999,Action.c(265): Error: Add patient reports failed by using NotifyReportFile service, please reference the service is works well or not. The accn is   A20170722174944608,reliability_addpaperreport,Action,265,2017/7/22 17:49,134,Reliability_AddPaperReport:41,localhost
-17999,Action.c(265): Error: Add patient reports failed by using NotifyReportFile service, please reference the service is works well or not. The accn is   A20170722175017497,reliability_addpaperreport,Action,265,2017/7/22 17:50,135,Reliability_AddPaperReport:11,localhost
-17999,Action.c(265): Error: Add patient reports failed by using NotifyReportFile service, please reference the service is works well or not. The accn is   A20170722175110125,reliability_addpaperreport,Action,265,2017/7/22 17:51,141,Reliability_AddPaperReport:6,localhost
-17999,Action.c(265): Error: Add patient reports failed by using NotifyReportFile service, please reference the service is works well or not. The accn is   A20170722175156764,reliability_addpaperreport,Action,265,2017/7/22 17:52,133,Reliability_AddPaperReport:45,localhost
-17999,Action.c(265): Error: Add patient reports failed by using NotifyReportFile service, please reference the service is works well or not. The accn is   A20170722175239643,reliability_addpaperreport,Action,265,2017/7/22 17:52,137,Reliability_AddPaperReport:18,localhost
-17999,Action.c(265): Error: Add patient reports failed by using NotifyReportFile service, please reference the service is works well or not. The accn is   A20170722175241163,reliability_addpaperreport,Action,265,2017/7/22 17:52,138,Reliability_AddPaperReport:23,localhost
-17999,Action.c(265): Error: Add patient reports failed by using NotifyReportFile service, please reference the service is works well or not. The accn is   A20170722175313192,reliability_addpaperreport,Action,265,2017/7/22 17:53,139,Reliability_AddPaperReport:22,localhost
-17999,Action.c(265): Error: Add patient reports failed by using NotifyReportFile service, please reference the service is works well or not. The accn is   A20170722175410452,reliability_addpaperreport,Action,265,2017/7/22 17:54,140,Reliability_AddPaperReport:44,localhost
-17999,Action.c(265): Error: Add patient reports failed by using NotifyReportFile service, please reference the service is works well or not. The accn is   A20170722175439630,reliability_addpaperreport,Action,265,2017/7/22 17:54,140,Reliability_AddPaperReport:27,localhost
-17999,Action.c(411): Error: The report task print failed! taskID: 4613795  From Terminal: Terminal14,Reliability_Terminal_report_print,Action,411,2017/7/22 17:55,66,Reliability_Terminal_report_print:6,localhost,
-17999,Action.c(411): Error: The report task print failed! taskID: 4613793  From Terminal: Terminal36,Reliability_Terminal_report_print,Action,411,2017/7/22 17:55,61,Reliability_Terminal_report_print:30,localhost,
-17999,Action.c(265): Error: Add patient reports failed by using NotifyReportFile service, please reference the service is works well or not. The accn is   A20170722175655738,reliability_addpaperreport,Action,265,2017/7/22 17:57,146,Reliability_AddPaperReport:41,localhost
-17999,Action.c(411): Error: The report task print failed! taskID: 4613886  From Terminal: Terminal5,Reliability_Terminal_report_print,Action,411,2017/7/22 17:57,64,Reliability_Terminal_report_print:45,localhost,
-17999,Action.c(265): Error: Add patient reports failed by using NotifyReportFile service, please reference the service is works well or not. The accn is   A20170722175756607,reliability_addpaperreport,Action,265,2017/7/22 17:58,141,Reliability_AddPaperReport:39,localhost
-17999,Action.c(265): Error: Add patient reports failed by using NotifyReportFile service, please reference the service is works well or not. The accn is   A20170722175756677,reliability_addpaperreport,Action,265,2017/7/22 17:58,144,Reliability_AddPaperReport:40,localhost
-17999,Action.c(411): Error: The report task print failed! taskID: 4613902  From Terminal: Terminal1,Reliability_Terminal_report_print,Action,411,2017/7/22 17:58,64,Reliability_Terminal_report_print:1,localhost,
-17999,Action.c(411): Error: The report task print failed! taskID: 4613903  From Terminal: Terminal10,Reliability_Terminal_report_print,Action,411,2017/7/22 17:58,67,Reliability_Terminal_report_print:2,localhost,
-17999,Action.c(265): Error: Add patient reports failed by using NotifyReportFile service, please reference the service is works well or not. The accn is   A20170722175824256,reliability_addpaperreport,Action,265,2017/7/22 17:58,148,Reliability_AddPaperReport:23,localhost
-17999,Action.c(58): Error: The film print status is not correct and Update the status by databse failed: the accessionnumber is - A20170722152040282,reliability_terminal_film_print,Action,58,2017/7/22 17:58,58,Reliability_Terminal_film_print:6,localhost,
-17999,Action.c(265): Error: Add patient reports failed by using NotifyReportFile service, please reference the service is works well or not. The accn is   A20170722175839726,reliability_addpaperreport,Action,265,2017/7/22 17:58,149,Reliability_AddPaperReport:25,localhost
-17999,Action.c(265): Error: Add patient reports failed by using NotifyReportFile service, please reference the service is works well or not. The accn is   A20170722175856176,reliability_addpaperreport,Action,265,2017/7/22 17:59,142,Reliability_AddPaperReport:33,localhost
-17999,Action.c(265): Error: Add patient reports failed by using NotifyReportFile service, please reference the service is works well or not. The accn is   A20170722175910985,reliability_addpaperreport,Action,265,2017/7/22 17:59,150,Reliability_AddPaperReport:17,localhost
-17999,Action.c(265): Error: Add patient reports failed by using NotifyReportFile service, please reference the service is works well or not. The accn is   A20170722175927895,reliability_addpaperreport,Action,265,2017/7/22 17:59,156,Reliability_AddPaperReport:28,localhost
-17999,Action.c(265): Error: Add patient reports failed by using NotifyReportFile service, please reference the service is works well or not. The accn is   A20170722175955214,reliability_addpaperreport,Action,265,2017/7/22 18:00,155,Reliability_AddPaperReport:19,localhost
-17999,Action.c(265): Error: Add patient reports failed by using NotifyReportFile service, please reference the service is works well or not. The accn is   A20170722180009225,reliability_addpaperreport,Action,265,2017/7/22 18:00,160,Reliability_AddPaperReport:4,localhost
-17999,Action.c(265): Error: Add patient reports failed by using NotifyReportFile service, please reference the service is works well or not. The accn is   A20170722180111203,reliability_addpaperreport,Action,265,2017/7/22 18:01,153,Reliability_AddPaperReport:22,localhost
-17999,Action.c(265): Error: Add patient reports failed by using NotifyReportFile service, please reference the service is works well or not. The accn is   A20170722180216132,reliability_addpaperreport,Action,265,2017/7/22 18:02,148,Reliability_AddPaperReport:33,localhost
-17999,Action.c(265): Error: Add patient reports failed by using NotifyReportFile service, please reference the service is works well or not. The accn is   A20170722180217221,reliability_addpaperreport,Action,265,2017/7/22 18:02,153,Reliability_AddPaperReport:30,localhost
-17999,Action.c(265): Error: Add patient reports failed by using NotifyReportFile service, please reference the service is works well or not. The accn is   A20170722180224462,reliability_addpaperreport,Action,265,2017/7/22 18:02,147,Reliability_AddPaperReport:32,localhost
-17999,Action.c(265): Error: Add patient reports failed by using NotifyReportFile service, please reference the service is works well or not. The accn is   A20170722180226651,reliability_addpaperreport,Action,265,2017/7/22 18:02,155,Reliability_AddPaperReport:25,localhost
-17999,Action.c(265): Error: Add patient reports failed by using NotifyReportFile service, please reference the service is works well or not. The accn is   A20170722180230141,reliability_addpaperreport,Action,265,2017/7/22 18:02,154,Reliability_AddPaperReport:20,localhost
-17999,Action.c(265): Error: Add patient reports failed by using NotifyReportFile service, please reference the service is works well or not. The accn is   A20170722180327550,reliability_addpaperreport,Action,265,2017/7/22 18:03,164,Reliability_AddPaperReport:28,localhost
-17999,Action.c(265): Error: Add patient reports failed by using NotifyReportFile service, please reference the service is works well or not. The accn is   A20170722180338870,reliability_addpaperreport,Action,265,2017/7/22 18:03,164,Reliability_AddPaperReport:6,localhost
-17999,Action.c(208): Error: The task do not finish correct: TaskID: 4614140  From Terminal: K2_7,reliability_terminal_film_print,Action,208,2017/7/22 18:03,58,Reliability_Terminal_film_print:6,localhost,
-17999,Action.c(265): Error: Add patient reports failed by using NotifyReportFile service, please reference the service is works well or not. The accn is   A20170722180347919,reliability_addpaperreport,Action,265,2017/7/22 18:03,158,Reliability_AddPaperReport:27,localhost
-17999,Action.c(265): Error: Add patient reports failed by using NotifyReportFile service, please reference the service is works well or not. The accn is   A20170722180520278,reliability_addpaperreport,Action,265,2017/7/22 18:05,157,Reliability_AddPaperReport:31,localhost
-17999,Action.c(265): Error: Add patient reports failed by using NotifyReportFile service, please reference the service is works well or not. The accn is   A20170722180538137,reliability_addpaperreport,Action,265,2017/7/22 18:05,167,Reliability_AddPaperReport:1,localhost
-17999,Action.c(265): Error: Add patient reports failed by using NotifyReportFile service, please reference the service is works well or not. The accn is   A20170722180619317,reliability_addpaperreport,Action,265,2017/7/22 18:06,167,Reliability_AddPaperReport:19,localhost
-17999,Action.c(265): Error: Add patient reports failed by using NotifyReportFile service, please reference the service is works well or not. The accn is   A20170722180623037,reliability_addpaperreport,Action,265,2017/7/22 18:06,159,Reliability_AddPaperReport:31,localhost
-17999,Action.c(265): Error: Add patient reports failed by using NotifyReportFile service, please reference the service is works well or not. The accn is   A20170722180643356,reliability_addpaperreport,Action,265,2017/7/22 18:06,156,Reliability_AddPaperReport:33,localhost
-17999,Action.c(265): Error: Add patient reports failed by using NotifyReportFile service, please reference the service is works well or not. The accn is   A20170722180643306,reliability_addpaperreport,Action,265,2017/7/22 18:06,164,Reliability_AddPaperReport:18,localhost
-17999,Action.c(265): Error: Add patient reports failed by using NotifyReportFile service, please reference the service is works well or not. The accn is   A20170722180657310,reliability_addpaperreport,Action,265,2017/7/22 18:07,160,Reliability_AddPaperReport:31,localhost
-17999,Action.c(265): Error: Add patient reports failed by using NotifyReportFile service, please reference the service is works well or not. The accn is   A20170722180717020,reliability_addpaperreport,Action,265,2017/7/22 18:07,164,Reliability_AddPaperReport:5,localhost
-17999,Action.c(265): Error: Add patient reports failed by using NotifyReportFile service, please reference the service is works well or not. The accn is   A20170722180716619,reliability_addpaperreport,Action,265,2017/7/22 18:07,164,Reliability_AddPaperReport:22,localhost
-17999,Action.c(265): Error: Add patient reports failed by using NotifyReportFile service, please reference the service is works well or not. The accn is   A20170722180722820,reliability_addpaperreport,Action,265,2017/7/22 18:07,173,Reliability_AddPaperReport:7,localhost
-17999,Action.c(265): Error: Add patient reports failed by using NotifyReportFile service, please reference the service is works well or not. The accn is   A20170722180748469,reliability_addpaperreport,Action,265,2017/7/22 18:07,162,Reliability_AddPaperReport:31,localhost
-17999,Action.c(265): Error: Add patient reports failed by using NotifyReportFile service, please reference the service is works well or not. The accn is   A20170722180759368,reliability_addpaperreport,Action,265,2017/7/22 18:08,166,Reliability_AddPaperReport:25,localhost
-17999,Action.c(265): Error: Add patient reports failed by using NotifyReportFile service, please reference the service is works well or not. The accn is   A20170722180817508,reliability_addpaperreport,Action,265,2017/7/22 18:08,163,Reliability_AddPaperReport:31,localhost
-17999,Action.c(265): Error: Add patient reports failed by using NotifyReportFile service, please reference the service is works well or not. The accn is   A20170722180820128,reliability_addpaperreport,Action,265,2017/7/22 18:08,167,Reliability_AddPaperReport:23,localhost
-17999,Action.c(265): Error: Add patient reports failed by using NotifyReportFile service, please reference the service is works well or not. The accn is   A20170722180919327,reliability_addpaperreport,Action,265,2017/7/22 18:09,168,Reliability_AddPaperReport:44,localhost
-17999,Action.c(265): Error: Add patient reports failed by using NotifyReportFile service, please reference the service is works well or not. The accn is   A20170722180915187,reliability_addpaperreport,Action,265,2017/7/22 18:09,159,Reliability_AddPaperReport:38,localhost
-17999,Action.c(265): Error: Add patient reports failed by using NotifyReportFile service, please reference the service is works well or not. The accn is   A20170722180915438,reliability_addpaperreport,Action,265,2017/7/22 18:09,173,Reliability_AddPaperReport:1,localhost
-17999,Action.c(265): Error: Add patient reports failed by using NotifyReportFile service, please reference the service is works well or not. The accn is   A20170722180914147,reliability_addpaperreport,Action,265,2017/7/22 18:09,171,Reliability_AddPaperReport:15,localhost
-17999,Action.c(265): Error: Add patient reports failed by using NotifyReportFile service, please reference the service is works well or not. The accn is   A20170722180917567,reliability_addpaperreport,Action,265,2017/7/22 18:09,172,Reliability_AddPaperReport:19,localhost
-17999,Action.c(265): Error: Add patient reports failed by using NotifyReportFile service, please reference the service is works well or not. The accn is   A20170722181026366,reliability_addpaperreport,Action,265,2017/7/22 18:10,166,Reliability_AddPaperReport:40,localhost
-17999,Action.c(265): Error: Add patient reports failed by using NotifyReportFile service, please reference the service is works well or not. The accn is   A20170722181031096,reliability_addpaperreport,Action,265,2017/7/22 18:10,171,Reliability_AddPaperReport:23,localhost
-17999,Action.c(265): Error: Add patient reports failed by using NotifyReportFile service, please reference the service is works well or not. The accn is   A20170722181138854,reliability_addpaperreport,Action,265,2017/7/22 18:11,183,Reliability_AddPaperReport:3,localhost
-17999,Action.c(265): Error: Add patient reports failed by using NotifyReportFile service, please reference the service is works well or not. The accn is   A20170722181202124,reliability_addpaperreport,Action,265,2017/7/22 18:12,166,Reliability_AddPaperReport:33,localhost
-17999,Action.c(265): Error: Add patient reports failed by using NotifyReportFile service, please reference the service is works well or not. The accn is   A20170722181232823,reliability_addpaperreport,Action,265,2017/7/22 18:12,170,Reliability_AddPaperReport:14,localhost
-17999,Action.c(265): Error: Add patient reports failed by using NotifyReportFile service, please reference the service is works well or not. The accn is   A20170722181328362,reliability_addpaperreport,Action,265,2017/7/22 18:13,177,Reliability_AddPaperReport:27,localhost
-17999,Action.c(265): Error: Add patient reports failed by using NotifyReportFile service, please reference the service is works well or not. The accn is   A20170722181346316,reliability_addpaperreport,Action,265,2017/7/22 18:13,176,Reliability_AddPaperReport:18,localhost
-17999,Action.c(265): Error: Add patient reports failed by using NotifyReportFile service, please reference the service is works well or not. The accn is   A20170722181415076,reliability_addpaperreport,Action,265,2017/7/22 18:14,184,Reliability_AddPaperReport:4,localhost
-17999,Action.c(265): Error: Add patient reports failed by using NotifyReportFile service, please reference the service is works well or not. The accn is   A20170722181415375,reliability_addpaperreport,Action,265,2017/7/22 18:14,179,Reliability_AddPaperReport:15,localhost
-17999,Action.c(265): Error: Add patient reports failed by using NotifyReportFile service, please reference the service is works well or not. The accn is   A20170722181512194,reliability_addpaperreport,Action,265,2017/7/22 18:15,175,Reliability_AddPaperReport:34,localhost
-17999,Action.c(265): Error: Add patient reports failed by using NotifyReportFile service, please reference the service is works well or not. The accn is   A20170722181520634,reliability_addpaperreport,Action,265,2017/7/22 18:15,176,Reliability_AddPaperReport:21,localhost
-17999,Action.c(265): Error: Add patient reports failed by using NotifyReportFile service, please reference the service is works well or not. The accn is   A20170722181524074,reliability_addpaperreport,Action,265,2017/7/22 18:15,186,Reliability_AddPaperReport:8,localhost
-17999,Action.c(265): Error: Add patient reports failed by using NotifyReportFile service, please reference the service is works well or not. The accn is   A20170722181525884,reliability_addpaperreport,Action,265,2017/7/22 18:15,181,Reliability_AddPaperReport:36,localhost
-17999,Action.c(265): Error: Add patient reports failed by using NotifyReportFile service, please reference the service is works well or not. The accn is   A20170722181527734,reliability_addpaperreport,Action,265,2017/7/22 18:15,177,Reliability_AddPaperReport:24,localhost
-17999,Action.c(58): Error: The film print status is not correct and Update the status by databse failed: the accessionnumber is - A20170722152040282,reliability_terminal_film_print,Action,58,2017/7/22 18:16,70,Reliability_Terminal_film_print:6,localhost,
-17999,Action.c(265): Error: Add patient reports failed by using NotifyReportFile service, please reference the service is works well or not. The accn is   A20170722181622293,reliability_addpaperreport,Action,265,2017/7/22 18:16,176,Reliability_AddPaperReport:45,localhost
-17999,Action.c(265): Error: Add patient reports failed by using NotifyReportFile service, please reference the service is works well or not. The accn is   A20170722181635512,reliability_addpaperreport,Action,265,2017/7/22 18:16,176,Reliability_AddPaperReport:14,localhost
-17999,Action.c(265): Error: Add patient reports failed by using NotifyReportFile service, please reference the service is works well or not. The accn is   A20170722181637942,reliability_addpaperreport,Action,265,2017/7/22 18:16,185,Reliability_AddPaperReport:9,localhost
-17999,Action.c(265): Error: Add patient reports failed by using NotifyReportFile service, please reference the service is works well or not. The accn is   A20170722181648992,reliability_addpaperreport,Action,265,2017/7/22 18:16,188,Reliability_AddPaperReport:7,localhost
-17999,Action.c(265): Error: Add patient reports failed by using NotifyReportFile service, please reference the service is works well or not. The accn is   A20170722181643232,reliability_addpaperreport,Action,265,2017/7/22 18:16,174,Reliability_AddPaperReport:33,localhost
-17999,Action.c(180): Error: Add patient reports failed by using NotifyReportFile service, please reference the service is works well or not. The accn is   A20170722181723901,reliability_addpaperreport,Action,180,2017/7/22 18:17,178,Reliability_AddPaperReport:31,localhost
-17999,Action.c(265): Error: Add patient reports failed by using NotifyReportFile service, please reference the service is works well or not. The accn is   A20170722181740971,reliability_addpaperreport,Action,265,2017/7/22 18:17,190,Reliability_AddPaperReport:7,localhost
-17999,Action.c(265): Error: Add patient reports failed by using NotifyReportFile service, please reference the service is works well or not. The accn is   A20170722181742122,reliability_addpaperreport,Action,265,2017/7/22 18:17,180,Reliability_AddPaperReport:20,localhost
-17999,Action.c(265): Error: Add patient reports failed by using NotifyReportFile service, please reference the service is works well or not. The accn is   A20170722181748961,reliability_addpaperreport,Action,265,2017/7/22 18:17,184,Reliability_AddPaperReport:44,localhost
-17999,Action.c(265): Error: Add patient reports failed by using NotifyReportFile service, please reference the service is works well or not. The accn is   A20170722181824240,reliability_addpaperreport,Action,265,2017/7/22 18:18,177,Reliability_AddPaperReport:32,localhost
-17999,Action.c(265): Error: Add patient reports failed by using NotifyReportFile service, please reference the service is works well or not. The accn is   A20170722181902654,reliability_addpaperreport,Action,265,2017/7/22 18:19,189,Reliability_AddPaperReport:19,localhost
-17999,Action.c(265): Error: Add patient reports failed by using NotifyReportFile service, please reference the service is works well or not. The accn is   A20170722181935213,reliability_addpaperreport,Action,265,2017/7/22 18:19,195,Reliability_AddPaperReport:28,localhost
-17999,Action.c(265): Error: Add patient reports failed by using NotifyReportFile service, please reference the service is works well or not. The accn is   A20170722181940033,reliability_addpaperreport,Action,265,2017/7/22 18:19,186,Reliability_AddPaperReport:17,localhost
-17999,Action.c(265): Error: Add patient reports failed by using NotifyReportFile service, please reference the service is works well or not. The accn is   A20170722182000822,reliability_addpaperreport,Action,265,2017/7/22 18:20,192,Reliability_AddPaperReport:12,localhost
-17999,Action.c(265): Error: Add patient reports failed by using NotifyReportFile service, please reference the service is works well or not. The accn is   A20170722182059652,reliability_addpaperreport,Action,265,2017/7/22 18:21,197,Reliability_AddPaperReport:8,localhost
-17999,Action.c(208): Error: The task do not finish correct: TaskID: 4614936  From Terminal: K2_7,reliability_terminal_film_print,Action,208,2017/7/22 18:21,70,Reliability_Terminal_film_print:6,localhost,
-17999,Action.c(265): Error: Add patient reports failed by using NotifyReportFile service, please reference the service is works well or not. The accn is   A20170722182123761,reliability_addpaperreport,Action,265,2017/7/22 18:21,191,Reliability_AddPaperReport:26,localhost
-17999,Action.c(265): Error: Add patient reports failed by using NotifyReportFile service, please reference the service is works well or not. The accn is   A20170722182123580,reliability_addpaperreport,Action,265,2017/7/22 18:21,194,Reliability_AddPaperReport:27,localhost
-17999,Action.c(265): Error: Add patient reports failed by using NotifyReportFile service, please reference the service is works well or not. The accn is   A20170722182208090,reliability_addpaperreport,Action,265,2017/7/22 18:22,181,Reliability_AddPaperReport:38,localhost
-17999,Action.c(265): Error: Add patient reports failed by using NotifyReportFile service, please reference the service is works well or not. The accn is   A20170722182228839,reliability_addpaperreport,Action,265,2017/7/22 18:22,188,Reliability_AddPaperReport:35,localhost
-17999,Action.c(180): Error: Add patient reports failed by using NotifyReportFile service, please reference the service is works well or not. The accn is   A20170722182345788,reliability_addpaperreport,Action,180,2017/7/22 18:23,191,Reliability_AddPaperReport:34,localhost
-17999,Action.c(265): Error: Add patient reports failed by using NotifyReportFile service, please reference the service is works well or not. The accn is   A20170722182354158,reliability_addpaperreport,Action,265,2017/7/22 18:24,195,Reliability_AddPaperReport:44,localhost
-17999,Action.c(265): Error: Add patient reports failed by using NotifyReportFile service, please reference the service is works well or not. The accn is   A20170722182356068,reliability_addpaperreport,Action,265,2017/7/22 18:24,188,Reliability_AddPaperReport:43,localhost
-17999,Action.c(265): Error: Add patient reports failed by using NotifyReportFile service, please reference the service is works well or not. The accn is   A20170722182417967,reliability_addpaperreport,Action,265,2017/7/22 18:24,196,Reliability_AddPaperReport:23,localhost
-17999,Action.c(265): Error: Add patient reports failed by using NotifyReportFile service, please reference the service is works well or not. The accn is   A20170722182407157,reliability_addpaperreport,Action,265,2017/7/22 18:24,187,Reliability_AddPaperReport:33,localhost
-17999,Action.c(265): Error: Add patient reports failed by using NotifyReportFile service, please reference the service is works well or not. The accn is   A20170722182458646,reliability_addpaperreport,Action,265,2017/7/22 18:25,190,Reliability_AddPaperReport:43,localhost
-17999,Action.c(265): Error: Add patient reports failed by using NotifyReportFile service, please reference the service is works well or not. The accn is   A20170722182459216,reliability_addpaperreport,Action,265,2017/7/22 18:25,186,Reliability_AddPaperReport:38,localhost
-17999,Action.c(265): Error: Add patient reports failed by using NotifyReportFile service, please reference the service is works well or not. The accn is   A20170722182535927,reliability_addpaperreport,Action,265,2017/7/22 18:25,187,Reliability_AddPaperReport:38,localhost
-17999,Action.c(265): Error: Add patient reports failed by using NotifyReportFile service, please reference the service is works well or not. The accn is   A20170722182545085,reliability_addpaperreport,Action,265,2017/7/22 18:25,193,Reliability_AddPaperReport:40,localhost
-17999,Action.c(265): Error: Add patient reports failed by using NotifyReportFile service, please reference the service is works well or not. The accn is   A20170722182604235,reliability_addpaperreport,Action,265,2017/7/22 18:26,203,Reliability_AddPaperReport:9,localhost
-17999,Action.c(411): Error: The report task print failed! taskID: 4615202  From Terminal: Terminal21,Reliability_Terminal_report_print,Action,411,2017/7/22 18:27,90,Reliability_Terminal_report_print:14,localhost,
-17999,Action.c(265): Error: Add patient reports failed by using NotifyReportFile service, please reference the service is works well or not. The accn is   A20170722182752303,reliability_addpaperreport,Action,265,2017/7/22 18:27,193,Reliability_AddPaperReport:39,localhost
-17999,Action.c(265): Error: Add patient reports failed by using NotifyReportFile service, please reference the service is works well or not. The accn is   A20170722182853052,reliability_addpaperreport,Action,265,2017/7/22 18:29,198,Reliability_AddPaperReport:37,localhost
-17999,Action.c(265): Error: Add patient reports failed by using NotifyReportFile service, please reference the service is works well or not. The accn is   A20170722182854742,reliability_addpaperreport,Action,265,2017/7/22 18:29,204,Reliability_AddPaperReport:23,localhost
-17999,Action.c(265): Error: Add patient reports failed by using NotifyReportFile service, please reference the service is works well or not. The accn is   A20170722182946721,reliability_addpaperreport,Action,265,2017/7/22 18:29,199,Reliability_AddPaperReport:45,localhost
-17999,Action.c(265): Error: Add patient reports failed by using NotifyReportFile service, please reference the service is works well or not. The accn is   A20170722182953130,reliability_addpaperreport,Action,265,2017/7/22 18:30,207,Reliability_AddPaperReport:16,localhost
-17999,Action.c(265): Error: Add patient reports failed by using NotifyReportFile service, please reference the service is works well or not. The accn is   A20170722183027691,reliability_addpaperreport,Action,265,2017/7/22 18:30,202,Reliability_AddPaperReport:24,localhost
-17999,Action.c(265): Error: Add patient reports failed by using NotifyReportFile service, please reference the service is works well or not. The accn is   A20170722183032570,reliability_addpaperreport,Action,265,2017/7/22 18:30,203,Reliability_AddPaperReport:34,localhost
-17999,Action.c(265): Error: Add patient reports failed by using NotifyReportFile service, please reference the service is works well or not. The accn is   A20170722183031370,reliability_addpaperreport,Action,265,2017/7/22 18:30,201,Reliability_AddPaperReport:40,localhost
-17999,Action.c(265): Error: Add patient reports failed by using NotifyReportFile service, please reference the service is works well or not. The accn is   A20170722183050299,reliability_addpaperreport,Action,265,2017/7/22 18:31,210,Reliability_AddPaperReport:19,localhost
-17999,Action.c(265): Error: Add patient reports failed by using NotifyReportFile service, please reference the service is works well or not. The accn is   A20170722183108229,reliability_addpaperreport,Action,265,2017/7/22 18:31,207,Reliability_AddPaperReport:36,localhost
-17999,Action.c(265): Error: Add patient reports failed by using NotifyReportFile service, please reference the service is works well or not. The accn is   A20170722183103169,reliability_addpaperreport,Action,265,2017/7/22 18:31,196,Reliability_AddPaperReport:38,localhost
-17999,Action.c(265): Error: Add patient reports failed by using NotifyReportFile service, please reference the service is works well or not. The accn is   A20170722183128788,reliability_addpaperreport,Action,265,2017/7/22 18:31,208,Reliability_AddPaperReport:18,localhost
-17999,Action.c(265): Error: Add patient reports failed by using NotifyReportFile service, please reference the service is works well or not. The accn is   A20170722183145148,reliability_addpaperreport,Action,265,2017/7/22 18:31,210,Reliability_AddPaperReport:16,localhost
-17999,Action.c(265): Error: Add patient reports failed by using NotifyReportFile service, please reference the service is works well or not. The accn is   A20170722183147678,reliability_addpaperreport,Action,265,2017/7/22 18:31,208,Reliability_AddPaperReport:41,localhost
-17999,Action.c(265): Error: Add patient reports failed by using NotifyReportFile service, please reference the service is works well or not. The accn is   A20170722183206187,reliability_addpaperreport,Action,265,2017/7/22 18:32,216,Reliability_AddPaperReport:7,localhost
-17999,Action.c(265): Error: Add patient reports failed by using NotifyReportFile service, please reference the service is works well or not. The accn is   A20170722183213527,reliability_addpaperreport,Action,265,2017/7/22 18:32,210,Reliability_AddPaperReport:23,localhost
-17999,Action.c(265): Error: Add patient reports failed by using NotifyReportFile service, please reference the service is works well or not. The accn is   A20170722183319406,reliability_addpaperreport,Action,265,2017/7/22 18:33,209,Reliability_AddPaperReport:2,localhost
-17999,Action.c(58): Error: The film print status is not correct and Update the status by databse failed: the accessionnumber is - A20170722152040282,reliability_terminal_film_print,Action,58,2017/7/22 18:34,82,Reliability_Terminal_film_print:6,localhost,
-17999,Action.c(411): Error: The report task print failed! taskID: 4615502  From Terminal: Terminal15,Reliability_Terminal_report_print,Action,411,2017/7/22 18:34,97,Reliability_Terminal_report_print:7,localhost,
-17999,Action.c(411): Error: The report task print failed! taskID: 4615506  From Terminal: Terminal5,Reliability_Terminal_report_print,Action,411,2017/7/22 18:34,91,Reliability_Terminal_report_print:45,localhost,
-17999,Action.c(411): Error: The report task print failed! taskID: 4615511  From Terminal: Terminal4,Reliability_Terminal_report_print,Action,411,2017/7/22 18:34,93,Reliability_Terminal_report_print:34,localhost,
-17999,Action.c(265): Error: Add patient reports failed by using NotifyReportFile service, please reference the service is works well or not. The accn is   A20170722183427975,reliability_addpaperreport,Action,265,2017/7/22 18:34,214,Reliability_AddPaperReport:11,localhost
-17999,Action.c(265): Error: Add patient reports failed by using NotifyReportFile service, please reference the service is works well or not. The accn is   A20170722183508434,reliability_addpaperreport,Action,265,2017/7/22 18:35,211,Reliability_AddPaperReport:22,localhost
-17999,Action.c(265): Error: Add patient reports failed by using NotifyReportFile service, please reference the service is works well or not. The accn is   A20170722183508984,reliability_addpaperreport,Action,265,2017/7/22 18:35,216,Reliability_AddPaperReport:23,localhost
-17999,Action.c(265): Error: Add patient reports failed by using NotifyReportFile service, please reference the service is works well or not. The accn is   A20170722183525184,reliability_addpaperreport,Action,265,2017/7/22 18:35,223,Reliability_AddPaperReport:7,localhost
-17999,Action.c(265): Error: Add patient reports failed by using NotifyReportFile service, please reference the service is works well or not. The accn is   A20170722183546223,reliability_addpaperreport,Action,265,2017/7/22 18:35,217,Reliability_AddPaperReport:23,localhost
-17999,Action.c(265): Error: Add patient reports failed by using NotifyReportFile service, please reference the service is works well or not. The accn is   A20170722183630273,reliability_addpaperreport,Action,265,2017/7/22 18:36,225,Reliability_AddPaperReport:7,localhost
-17999,Action.c(265): Error: Add patient reports failed by using NotifyReportFile service, please reference the service is works well or not. The accn is   A20170722183722722,reliability_addpaperreport,Action,265,2017/7/22 18:37,219,Reliability_AddPaperReport:18,localhost
-17999,Action.c(265): Error: Add patient reports failed by using NotifyReportFile service, please reference the service is works well or not. The accn is   A20170722183759911,reliability_addpaperreport,Action,265,2017/7/22 18:38,215,Reliability_AddPaperReport:35,localhost
-17999,Action.c(265): Error: Add patient reports failed by using NotifyReportFile service, please reference the service is works well or not. The accn is   A20170722183805571,reliability_addpaperreport,Action,265,2017/7/22 18:38,214,Reliability_AddPaperReport:40,localhost
-17999,Action.c(265): Error: Add patient reports failed by using NotifyReportFile service, please reference the service is works well or not. The accn is   A20170722183802010,reliability_addpaperreport,Action,265,2017/7/22 18:38,213,Reliability_AddPaperReport:43,localhost
-17999,Action.c(265): Error: Add patient reports failed by using NotifyReportFile service, please reference the service is works well or not. The accn is   A20170722183809941,reliability_addpaperreport,Action,265,2017/7/22 18:38,211,Reliability_AddPaperReport:39,localhost
-17999,Action.c(265): Error: Add patient reports failed by using NotifyReportFile service, please reference the service is works well or not. The accn is   A20170722183844451,reliability_addpaperreport,Action,265,2017/7/22 18:38,215,Reliability_AddPaperReport:45,localhost
-17999,Action.c(208): Error: The task do not finish correct: TaskID: 4615726  From Terminal: K2_7,reliability_terminal_film_print,Action,208,2017/7/22 18:39,82,Reliability_Terminal_film_print:6,localhost,
-17999,Action.c(265): Error: Add patient reports failed by using NotifyReportFile service, please reference the service is works well or not. The accn is   A20170722183937399,reliability_addpaperreport,Action,265,2017/7/22 18:39,228,Reliability_AddPaperReport:9,localhost
-17999,Action.c(411): Error: The report task print failed! taskID: 4615733  From Terminal: Terminal14,Reliability_Terminal_report_print,Action,411,2017/7/22 18:39,98,Reliability_Terminal_report_print:6,localhost,
-17999,Action.c(265): Error: Add patient reports failed by using NotifyReportFile service, please reference the service is works well or not. The accn is   A20170722183940509,reliability_addpaperreport,Action,265,2017/7/22 18:39,221,Reliability_AddPaperReport:2,localhost
-17999,Action.c(265): Error: Add patient reports failed by using NotifyReportFile service, please reference the service is works well or not. The accn is   A20170722184011738,reliability_addpaperreport,Action,265,2017/7/22 18:40,220,Reliability_AddPaperReport:34,localhost
-17999,Action.c(265): Error: Add patient reports failed by using NotifyReportFile service, please reference the service is works well or not. The accn is   A20170722184040198,reliability_addpaperreport,Action,265,2017/7/22 18:40,215,Reliability_AddPaperReport:32,localhost
-17999,Action.c(265): Error: Add patient reports failed by using NotifyReportFile service, please reference the service is works well or not. The accn is   A20170722184045097,reliability_addpaperreport,Action,265,2017/7/22 18:40,213,Reliability_AddPaperReport:29,localhost
-17999,Action.c(265): Error: Add patient reports failed by using NotifyReportFile service, please reference the service is works well or not. The accn is   A20170722184100467,reliability_addpaperreport,Action,265,2017/7/22 18:41,223,Reliability_AddPaperReport:36,localhost
-17999,Action.c(265): Error: Add patient reports failed by using NotifyReportFile service, please reference the service is works well or not. The accn is   A20170722184131007,reliability_addpaperreport,Action,265,2017/7/22 18:41,234,Reliability_AddPaperReport:28,localhost
-17999,Action.c(265): Error: Add patient reports failed by using NotifyReportFile service, please reference the service is works well or not. The accn is   A20170722184249155,reliability_addpaperreport,Action,265,2017/7/22 18:42,232,Reliability_AddPaperReport:19,localhost
-17999,Action.c(265): Error: Add patient reports failed by using NotifyReportFile service, please reference the service is works well or not. The accn is   A20170722184253185,reliability_addpaperreport,Action,265,2017/7/22 18:43,217,Reliability_AddPaperReport:29,localhost
-17999,Action.c(265): Error: Add patient reports failed by using NotifyReportFile service, please reference the service is works well or not. The accn is   A20170722184406513,reliability_addpaperreport,Action,265,2017/7/22 18:44,230,Reliability_AddPaperReport:41,localhost
-17999,Action.c(265): Error: Add patient reports failed by using NotifyReportFile service, please reference the service is works well or not. The accn is   A20170722184433712,reliability_addpaperreport,Action,265,2017/7/22 18:44,224,Reliability_AddPaperReport:30,localhost
-17999,Action.c(265): Error: Add patient reports failed by using NotifyReportFile service, please reference the service is works well or not. The accn is   A20170722184551292,reliability_addpaperreport,Action,265,2017/7/22 18:45,233,Reliability_AddPaperReport:44,localhost
